Wavelength,Metric,YearA,YearB,MedianYearA,MedianYearB,YearB_over_YearA
250,AbsAUC,1394,1404,422021.06345499004,0.17993505679929017,4.2636510918721203e-07
250,MaxIntensity,1394,1404,813967.3333333334,0.3765453,4.6260492845331224e-07
250,MeanIntensity,1394,1404,10207.74685185185,0.005936623660140333,5.815802200329188e-07
308,AbsAUC,1394,1404,308528.05555999,0.2782148994601863,9.017491098344876e-07
308,MaxIntensity,1394,1404,257483.66666666666,0.5390136,2.093389483604785e-06
308,MeanIntensity,1394,1404,8298.181666666667,0.009266501361607112,1.1166905876295925e-06
440,AbsAUC,1394,1404,960721.4625091451,0.47939331076412417,4.989930270862048e-07
440,MaxIntensity,1394,1404,2527594.0,1.932395,7.645195391348453e-07
440,MeanIntensity,1394,1404,30290.144074074073,0.015970266682576,5.27243008270973e-07
