Model,PLSComponents,Preprocessing,PreprocessingCode,Modality,Split,Repeat,Fold,Accuracy,BalancedAccuracy,MacroF1
PLS-DA,4,Raw,raw,440 nm,1,1,1,0.2,0.11363636363636363,0.06439393939393939
PLS-DA,4,Raw,raw,440 nm,2,1,2,0.25,0.2,0.10075757575757577
PLS-DA,4,Raw,raw,440 nm,3,2,1,0.23809523809523808,0.13636363636363635,0.08403361344537816
PLS-DA,4,Raw,raw,440 nm,4,2,2,0.21052631578947367,0.1,0.065
PLS-DA,4,Raw,raw,440 nm,5,3,1,0.25,0.13636363636363635,0.08181818181818182
PLS-DA,4,Raw,raw,440 nm,6,3,2,0.2,0.1,0.06666666666666667
PLS-DA,4,Raw,raw,440 nm,7,4,1,0.15,0.09090909090909091,0.03208556149732621
PLS-DA,4,Raw,raw,440 nm,8,4,2,0.25,0.2,0.09870129870129872
PLS-DA,4,Raw,raw,440 nm,9,5,1,0.15,0.1590909090909091,0.06593406593406594
PLS-DA,4,Raw,raw,440 nm,10,5,2,0.25,0.125,0.0707070707070707
PLS-DA,4,Raw,raw,440 nm,11,6,1,0.2,0.10606060606060605,0.08333333333333333
PLS-DA,4,Raw,raw,440 nm,12,6,2,0.25,0.2,0.08181818181818182
PLS-DA,4,Raw,raw,440 nm,13,7,1,0.15,0.1590909090909091,0.08658008658008658
PLS-DA,4,Raw,raw,440 nm,14,7,2,0.15,0.075,0.028708133971291863
PLS-DA,4,Raw,raw,440 nm,15,8,1,0.19047619047619047,0.11363636363636363,0.05227272727272727
PLS-DA,4,Raw,raw,440 nm,16,8,2,0.21052631578947367,0.1,0.06439393939393939
PLS-DA,4,Raw,raw,440 nm,17,9,1,0.14285714285714285,0.06818181818181818,0.03409090909090909
PLS-DA,4,Raw,raw,440 nm,18,9,2,0.15789473684210525,0.075,0.02727272727272727
PLS-DA,4,Raw,raw,440 nm,19,10,1,0.19047619047619047,0.18181818181818182,0.09090909090909091
PLS-DA,4,Raw,raw,440 nm,20,10,2,0.21052631578947367,0.125,0.06333333333333332
PLS-DA,4,Raw,raw,440 nm,21,11,1,0.2,0.17424242424242423,0.14485514485514486
PLS-DA,4,Raw,raw,440 nm,22,11,2,0.15,0.075,0.025974025974025972
PLS-DA,4,Raw,raw,440 nm,23,12,1,0.14285714285714285,0.09090909090909091,0.053391053391053385
PLS-DA,4,Raw,raw,440 nm,24,12,2,0.15789473684210525,0.1,0.03208556149732621
PLS-DA,4,Raw,raw,440 nm,25,13,1,0.2,0.11363636363636363,0.06507177033492823
PLS-DA,4,Raw,raw,440 nm,26,13,2,0.2,0.175,0.08931419457735247
PLS-DA,4,Raw,raw,440 nm,27,14,1,0.19047619047619047,0.11363636363636363,0.0522875816993464
PLS-DA,4,Raw,raw,440 nm,28,14,2,0.21052631578947367,0.175,0.09696969696969697
PLS-DA,4,Raw,raw,440 nm,29,15,1,0.23809523809523808,0.20454545454545456,0.1431818181818182
PLS-DA,4,Raw,raw,440 nm,30,15,2,0.05263157894736842,0.05,0.013333333333333332
PLS-DA,4,Raw,raw,440 nm,31,16,1,0.19047619047619047,0.10606060606060605,0.05827505827505827
PLS-DA,4,Raw,raw,440 nm,32,16,2,0.15789473684210525,0.125,0.056862745098039215
PLS-DA,4,Raw,raw,440 nm,33,17,1,0.3,0.2424242424242424,0.1515151515151515
PLS-DA,4,Raw,raw,440 nm,34,17,2,0.25,0.125,0.06666666666666667
PLS-DA,4,Raw,raw,440 nm,35,18,1,0.3,0.2196969696969697,0.1381648654375927
PLS-DA,4,Raw,raw,440 nm,36,18,2,0.1,0.075,0.03676470588235294
PLS-DA,4,Raw,raw,440 nm,37,19,1,0.2,0.17424242424242423,0.10675990675990675
PLS-DA,4,Raw,raw,440 nm,38,19,2,0.3,0.15,0.09
PLS-DA,4,Raw,raw,440 nm,39,20,1,0.2,0.11363636363636363,0.05627705627705628
PLS-DA,4,Raw,raw,440 nm,40,20,2,0.1,0.125,0.10303030303030303
PLS-DA,4,Raw,raw,250 nm,1,1,1,0.2,0.11363636363636363,0.054812834224598934
PLS-DA,4,Raw,raw,250 nm,2,1,2,0.3,0.225,0.17694805194805194
PLS-DA,4,Raw,raw,250 nm,3,2,1,0.23809523809523808,0.20454545454545456,0.1575757575757576
PLS-DA,4,Raw,raw,250 nm,4,2,2,0.21052631578947367,0.1,0.06857142857142857
PLS-DA,4,Raw,raw,250 nm,5,3,1,0.25,0.20454545454545456,0.10075757575757577
PLS-DA,4,Raw,raw,250 nm,6,3,2,0.2,0.1,0.05627705627705628
PLS-DA,4,Raw,raw,250 nm,7,4,1,0.2,0.11363636363636363,0.0606060606060606
PLS-DA,4,Raw,raw,250 nm,8,4,2,0.25,0.2,0.10779220779220779
PLS-DA,4,Raw,raw,250 nm,9,5,1,0.1,0.13636363636363635,0.05034965034965035
PLS-DA,4,Raw,raw,250 nm,10,5,2,0.2,0.1,0.05833333333333333
PLS-DA,4,Raw,raw,250 nm,11,6,1,0.15,0.08333333333333333,0.0487012987012987
PLS-DA,4,Raw,raw,250 nm,12,6,2,0.25,0.21666666666666665,0.1211111111111111
PLS-DA,4,Raw,raw,250 nm,13,7,1,0.2,0.18181818181818182,0.125
PLS-DA,4,Raw,raw,250 nm,14,7,2,0.2,0.1,0.05657894736842105
PLS-DA,4,Raw,raw,250 nm,15,8,1,0.19047619047619047,0.11363636363636363,0.0522875816993464
PLS-DA,4,Raw,raw,250 nm,16,8,2,0.21052631578947367,0.175,0.07954545454545454
PLS-DA,4,Raw,raw,250 nm,17,9,1,0.14285714285714285,0.06818181818181818,0.03409090909090909
PLS-DA,4,Raw,raw,250 nm,18,9,2,0.05263157894736842,0.025,0.0106951871657754
PLS-DA,4,Raw,raw,250 nm,19,10,1,0.19047619047619047,0.1590909090909091,0.06168831168831169
PLS-DA,4,Raw,raw,250 nm,20,10,2,0.21052631578947367,0.125,0.06333333333333332
PLS-DA,4,Raw,raw,250 nm,21,11,1,0.25,0.19696969696969696,0.13403263403263405
PLS-DA,4,Raw,raw,250 nm,22,11,2,0.25,0.125,0.07464114832535886
PLS-DA,4,Raw,raw,250 nm,23,12,1,0.19047619047619047,0.09090909090909091,0.06439393939393939
PLS-DA,4,Raw,raw,250 nm,24,12,2,0.2631578947368421,0.15,0.08225108225108224
PLS-DA,4,Raw,raw,250 nm,25,13,1,0.2,0.11363636363636363,0.06363636363636363
PLS-DA,4,Raw,raw,250 nm,26,13,2,0.15,0.075,0.03896103896103896
PLS-DA,4,Raw,raw,250 nm,27,14,1,0.19047619047619047,0.11363636363636363,0.0606060606060606
PLS-DA,4,Raw,raw,250 nm,28,14,2,0.10526315789473684,0.125,0.061764705882352944
PLS-DA,4,Raw,raw,250 nm,29,15,1,0.19047619047619047,0.18181818181818182,0.0926916221033868
PLS-DA,4,Raw,raw,250 nm,30,15,2,0.15789473684210525,0.075,0.03208556149732621
PLS-DA,4,Raw,raw,250 nm,31,16,1,0.19047619047619047,0.17424242424242423,0.081002331002331
PLS-DA,4,Raw,raw,250 nm,32,16,2,0.2631578947368421,0.125,0.07333333333333333
PLS-DA,4,Raw,raw,250 nm,33,17,1,0.2,0.17424242424242423,0.08333333333333331
PLS-DA,4,Raw,raw,250 nm,34,17,2,0.25,0.125,0.06857142857142857
PLS-DA,4,Raw,raw,250 nm,35,18,1,0.15,0.1515151515151515,0.07342657342657342
PLS-DA,4,Raw,raw,250 nm,36,18,2,0.1,0.075,0.03398692810457517
PLS-DA,4,Raw,raw,250 nm,37,19,1,0.25,0.19696969696969696,0.12494172494172494
PLS-DA,4,Raw,raw,250 nm,38,19,2,0.3,0.15,0.08831168831168831
PLS-DA,4,Raw,raw,250 nm,39,20,1,0.15,0.09090909090909091,0.028708133971291863
PLS-DA,4,Raw,raw,250 nm,40,20,2,0.05,0.025,0.011363636363636364
PLS-DA,4,Raw,raw,308 nm,1,1,1,0.25,0.22727272727272727,0.1515151515151515
PLS-DA,4,Raw,raw,308 nm,2,1,2,0.25,0.225,0.16607142857142856
PLS-DA,4,Raw,raw,308 nm,3,2,1,0.23809523809523808,0.20454545454545456,0.09696969696969697
PLS-DA,4,Raw,raw,308 nm,4,2,2,0.2631578947368421,0.125,0.08444444444444445
PLS-DA,4,Raw,raw,308 nm,5,3,1,0.15,0.1590909090909091,0.11095571095571097
PLS-DA,4,Raw,raw,308 nm,6,3,2,0.2,0.175,0.1212121212121212
PLS-DA,4,Raw,raw,308 nm,7,4,1,0.25,0.20454545454545456,0.11212121212121212
PLS-DA,4,Raw,raw,308 nm,8,4,2,0.25,0.2,0.11818181818181818
PLS-DA,4,Raw,raw,308 nm,9,5,1,0.2,0.20454545454545456,0.13216783216783218
PLS-DA,4,Raw,raw,308 nm,10,5,2,0.35,0.275,0.2424242424242424
PLS-DA,4,Raw,raw,308 nm,11,6,1,0.15,0.10606060606060605,0.08333333333333333
PLS-DA,4,Raw,raw,308 nm,12,6,2,0.15,0.15,0.065
PLS-DA,4,Raw,raw,308 nm,13,7,1,0.15,0.18181818181818182,0.0818181818181818
PLS-DA,4,Raw,raw,308 nm,14,7,2,0.15,0.075,0.028708133971291863
PLS-DA,4,Raw,raw,308 nm,15,8,1,0.2857142857142857,0.25,0.1575757575757576
PLS-DA,4,Raw,raw,308 nm,16,8,2,0.21052631578947367,0.2,0.13019607843137254
PLS-DA,4,Raw,raw,308 nm,17,9,1,0.19047619047619047,0.11363636363636363,0.05429292929292929
PLS-DA,4,Raw,raw,308 nm,18,9,2,0.15789473684210525,0.1,0.0808080808080808
PLS-DA,4,Raw,raw,308 nm,19,10,1,0.2857142857142857,0.22727272727272727,0.13441558441558443
PLS-DA,4,Raw,raw,308 nm,20,10,2,0.2631578947368421,0.225,0.16999999999999998
PLS-DA,4,Raw,raw,308 nm,21,11,1,0.25,0.19696969696969696,0.13403263403263405
PLS-DA,4,Raw,raw,308 nm,22,11,2,0.15,0.075,0.02727272727272727
PLS-DA,4,Raw,raw,308 nm,23,12,1,0.23809523809523808,0.20454545454545456,0.14520202020202022
PLS-DA,4,Raw,raw,308 nm,24,12,2,0.21052631578947367,0.2,0.09666666666666665
PLS-DA,4,Raw,raw,308 nm,25,13,1,0.25,0.22727272727272727,0.14992025518341306
PLS-DA,4,Raw,raw,308 nm,26,13,2,0.2,0.2,0.09848484848484848
PLS-DA,4,Raw,raw,308 nm,27,14,1,0.23809523809523808,0.20454545454545456,0.12727272727272726
PLS-DA,4,Raw,raw,308 nm,28,14,2,0.21052631578947367,0.2,0.11363636363636363
PLS-DA,4,Raw,raw,308 nm,29,15,1,0.19047619047619047,0.18181818181818182,0.07272727272727274
PLS-DA,4,Raw,raw,308 nm,30,15,2,0.21052631578947367,0.175,0.13529411764705884
PLS-DA,4,Raw,raw,308 nm,31,16,1,0.23809523809523808,0.2196969696969697,0.12342657342657343
PLS-DA,4,Raw,raw,308 nm,32,16,2,0.21052631578947367,0.25,0.16352941176470587
PLS-DA,4,Raw,raw,308 nm,33,17,1,0.25,0.2196969696969697,0.12575757575757576
PLS-DA,4,Raw,raw,308 nm,34,17,2,0.2,0.2,0.16
PLS-DA,4,Raw,raw,308 nm,35,18,1,0.15,0.08333333333333333,0.06433566433566434
PLS-DA,4,Raw,raw,308 nm,36,18,2,0.15,0.175,0.11843137254901961
PLS-DA,4,Raw,raw,308 nm,37,19,1,0.2,0.19696969696969696,0.08706293706293707
PLS-DA,4,Raw,raw,308 nm,38,19,2,0.25,0.225,0.16363636363636364
PLS-DA,4,Raw,raw,308 nm,39,20,1,0.2,0.18181818181818182,0.08931419457735247
PLS-DA,4,Raw,raw,308 nm,40,20,2,0.2,0.175,0.09696969696969697
PLS-DA,4,Raw,raw,Combined,1,1,1,0.2,0.11363636363636363,0.07045454545454545
PLS-DA,4,Raw,raw,Combined,2,1,2,0.25,0.2,0.1159090909090909
PLS-DA,4,Raw,raw,Combined,3,2,1,0.23809523809523808,0.20454545454545456,0.10303030303030303
PLS-DA,4,Raw,raw,Combined,4,2,2,0.3157894736842105,0.225,0.14714285714285716
PLS-DA,4,Raw,raw,Combined,5,3,1,0.15,0.09090909090909091,0.07459207459207459
PLS-DA,4,Raw,raw,Combined,6,3,2,0.25,0.2,0.13999999999999999
PLS-DA,4,Raw,raw,Combined,7,4,1,0.25,0.13636363636363635,0.08403361344537816
PLS-DA,4,Raw,raw,Combined,8,4,2,0.25,0.2,0.09696969696969697
PLS-DA,4,Raw,raw,Combined,9,5,1,0.2,0.20454545454545456,0.14125874125874127
PLS-DA,4,Raw,raw,Combined,10,5,2,0.3,0.225,0.14285714285714282
PLS-DA,4,Raw,raw,Combined,11,6,1,0.2,0.17424242424242423,0.14393939393939392
PLS-DA,4,Raw,raw,Combined,12,6,2,0.25,0.21666666666666665,0.11515151515151514
PLS-DA,4,Raw,raw,Combined,13,7,1,0.2,0.18181818181818182,0.09469696969696968
PLS-DA,4,Raw,raw,Combined,14,7,2,0.15,0.075,0.028708133971291863
PLS-DA,4,Raw,raw,Combined,15,8,1,0.23809523809523808,0.20454545454545456,0.125
PLS-DA,4,Raw,raw,Combined,16,8,2,0.2631578947368421,0.2,0.125
PLS-DA,4,Raw,raw,Combined,17,9,1,0.19047619047619047,0.1590909090909091,0.09469696969696968
PLS-DA,4,Raw,raw,Combined,18,9,2,0.15789473684210525,0.075,0.028708133971291863
PLS-DA,4,Raw,raw,Combined,19,10,1,0.23809523809523808,0.18181818181818182,0.09805194805194804
PLS-DA,4,Raw,raw,Combined,20,10,2,0.2631578947368421,0.15,0.08931419457735247
PLS-DA,4,Raw,raw,Combined,21,11,1,0.2,0.17424242424242423,0.14918414918414918
PLS-DA,4,Raw,raw,Combined,22,11,2,0.2,0.11666666666666665,0.0808080808080808
PLS-DA,4,Raw,raw,Combined,23,12,1,0.14285714285714285,0.06818181818181818,0.03409090909090909
PLS-DA,4,Raw,raw,Combined,24,12,2,0.21052631578947367,0.125,0.06844919786096257
PLS-DA,4,Raw,raw,Combined,25,13,1,0.25,0.20454545454545456,0.12424242424242425
PLS-DA,4,Raw,raw,Combined,26,13,2,0.25,0.225,0.12554112554112554
PLS-DA,4,Raw,raw,Combined,27,14,1,0.19047619047619047,0.11363636363636363,0.06844919786096257
PLS-DA,4,Raw,raw,Combined,28,14,2,0.2631578947368421,0.125,0.08831168831168831
PLS-DA,4,Raw,raw,Combined,29,15,1,0.23809523809523808,0.20454545454545456,0.09875222816399289
PLS-DA,4,Raw,raw,Combined,30,15,2,0.21052631578947367,0.1,0.07529411764705882
PLS-DA,4,Raw,raw,Combined,31,16,1,0.2857142857142857,0.2424242424242424,0.14658674658674659
PLS-DA,4,Raw,raw,Combined,32,16,2,0.15789473684210525,0.125,0.05775401069518716
PLS-DA,4,Raw,raw,Combined,33,17,1,0.2,0.17424242424242423,0.08658008658008658
PLS-DA,4,Raw,raw,Combined,34,17,2,0.25,0.125,0.070995670995671
PLS-DA,4,Raw,raw,Combined,35,18,1,0.2,0.10606060606060605,0.08857808857808858
PLS-DA,4,Raw,raw,Combined,36,18,2,0.15,0.175,0.1319073083778966
PLS-DA,4,Raw,raw,Combined,37,19,1,0.2,0.17424242424242423,0.09940059940059941
PLS-DA,4,Raw,raw,Combined,38,19,2,0.3,0.15,0.09696969696969697
PLS-DA,4,Raw,raw,Combined,39,20,1,0.25,0.20454545454545456,0.12567783094098883
PLS-DA,4,Raw,raw,Combined,40,20,2,0.1,0.125,0.07272727272727272
PLS-DA,4,SNV,snv,440 nm,1,1,1,0.25,0.12878787878787878,0.08236208236208237
PLS-DA,4,SNV,snv,440 nm,2,1,2,0.25,0.125,0.07832167832167833
PLS-DA,4,SNV,snv,440 nm,3,2,1,0.19047619047619047,0.10606060606060605,0.08181818181818182
PLS-DA,4,SNV,snv,440 nm,4,2,2,0.21052631578947367,0.125,0.06493506493506493
PLS-DA,4,SNV,snv,440 nm,5,3,1,0.2,0.09848484848484848,0.06168831168831169
PLS-DA,4,SNV,snv,440 nm,6,3,2,0.25,0.125,0.07988980716253442
PLS-DA,4,SNV,snv,440 nm,7,4,1,0.2,0.1212121212121212,0.08795749704840614
PLS-DA,4,SNV,snv,440 nm,8,4,2,0.25,0.125,0.08484848484848485
PLS-DA,4,SNV,snv,440 nm,9,5,1,0.25,0.1212121212121212,0.07792207792207792
PLS-DA,4,SNV,snv,440 nm,10,5,2,0.2,0.1,0.06464646464646463
PLS-DA,4,SNV,snv,440 nm,11,6,1,0.2,0.09848484848484848,0.0771349862258953
PLS-DA,4,SNV,snv,440 nm,12,6,2,0.3,0.15833333333333333,0.11301587301587301
PLS-DA,4,SNV,snv,440 nm,13,7,1,0.15,0.06818181818181818,0.04195804195804196
PLS-DA,4,SNV,snv,440 nm,14,7,2,0.1,0.05,0.03535353535353535
PLS-DA,4,SNV,snv,440 nm,15,8,1,0.19047619047619047,0.10606060606060605,0.0610298792116974
PLS-DA,4,SNV,snv,440 nm,16,8,2,0.15789473684210525,0.1,0.08319559228650138
PLS-DA,4,SNV,snv,440 nm,17,9,1,0.09523809523809523,0.06818181818181818,0.04250295159386069
PLS-DA,4,SNV,snv,440 nm,18,9,2,0.10526315789473684,0.06666666666666667,0.027972027972027972
PLS-DA,4,SNV,snv,440 nm,19,10,1,0.23809523809523808,0.13636363636363635,0.08333333333333333
PLS-DA,4,SNV,snv,440 nm,20,10,2,0.21052631578947367,0.10833333333333332,0.06216006216006216
PLS-DA,4,SNV,snv,440 nm,21,11,1,0.3,0.17424242424242423,0.11652892561983473
PLS-DA,4,SNV,snv,440 nm,22,11,2,0.2,0.1,0.06222222222222222
PLS-DA,4,SNV,snv,440 nm,23,12,1,0.19047619047619047,0.09090909090909091,0.06013986013986015
PLS-DA,4,SNV,snv,440 nm,24,12,2,0.2631578947368421,0.14166666666666666,0.08484848484848485
PLS-DA,4,SNV,snv,440 nm,25,13,1,0.2,0.11363636363636363,0.06666666666666667
PLS-DA,4,SNV,snv,440 nm,26,13,2,0.2,0.10833333333333332,0.07575757575757575
PLS-DA,4,SNV,snv,440 nm,27,14,1,0.14285714285714285,0.08333333333333333,0.04250295159386069
PLS-DA,4,SNV,snv,440 nm,28,14,2,0.15789473684210525,0.1,0.07647907647907648
PLS-DA,4,SNV,snv,440 nm,29,15,1,0.19047619047619047,0.09848484848484848,0.05714285714285714
PLS-DA,4,SNV,snv,440 nm,30,15,2,0.15789473684210525,0.1,0.07929292929292929
PLS-DA,4,SNV,snv,440 nm,31,16,1,0.19047619047619047,0.09848484848484848,0.05289256198347107
PLS-DA,4,SNV,snv,440 nm,32,16,2,0.21052631578947367,0.125,0.08222222222222222
PLS-DA,4,SNV,snv,440 nm,33,17,1,0.15,0.07575757575757575,0.05909090909090909
PLS-DA,4,SNV,snv,440 nm,34,17,2,0.3,0.175,0.11922077922077923
PLS-DA,4,SNV,snv,440 nm,35,18,1,0.15,0.07575757575757575,0.06666666666666667
PLS-DA,4,SNV,snv,440 nm,36,18,2,0.35,0.175,0.10553083280356007
PLS-DA,4,SNV,snv,440 nm,37,19,1,0.1,0.045454545454545456,0.03305785123966942
PLS-DA,4,SNV,snv,440 nm,38,19,2,0.25,0.13333333333333333,0.08884297520661157
PLS-DA,4,SNV,snv,440 nm,39,20,1,0.1,0.053030303030303025,0.03996003996003996
PLS-DA,4,SNV,snv,440 nm,40,20,2,0.1,0.05833333333333333,0.04090909090909091
PLS-DA,4,SNV,snv,250 nm,1,1,1,0.3,0.17424242424242423,0.11969696969696969
PLS-DA,4,SNV,snv,250 nm,2,1,2,0.3,0.16666666666666666,0.1367965367965368
PLS-DA,4,SNV,snv,250 nm,3,2,1,0.2857142857142857,0.15909090909090906,0.12012987012987013
PLS-DA,4,SNV,snv,250 nm,4,2,2,0.42105263157894735,0.25,0.17074592074592074
PLS-DA,4,SNV,snv,250 nm,5,3,1,0.25,0.12878787878787878,0.08831168831168831
PLS-DA,4,SNV,snv,250 nm,6,3,2,0.25,0.125,0.10101010101010101
PLS-DA,4,SNV,snv,250 nm,7,4,1,0.35,0.20454545454545456,0.13939393939393938
PLS-DA,4,SNV,snv,250 nm,8,4,2,0.3,0.225,0.13333333333333333
PLS-DA,4,SNV,snv,250 nm,9,5,1,0.3,0.1515151515151515,0.10043290043290044
PLS-DA,4,SNV,snv,250 nm,10,5,2,0.35,0.175,0.0980716253443526
PLS-DA,4,SNV,snv,250 nm,11,6,1,0.35,0.2196969696969697,0.14646464646464644
PLS-DA,4,SNV,snv,250 nm,12,6,2,0.3,0.15833333333333333,0.12878787878787878
PLS-DA,4,SNV,snv,250 nm,13,7,1,0.2,0.11363636363636363,0.05909090909090909
PLS-DA,4,SNV,snv,250 nm,14,7,2,0.2,0.1,0.08051948051948052
PLS-DA,4,SNV,snv,250 nm,15,8,1,0.14285714285714285,0.1515151515151515,0.07676767676767676
PLS-DA,4,SNV,snv,250 nm,16,8,2,0.21052631578947367,0.125,0.09090909090909091
PLS-DA,4,SNV,snv,250 nm,17,9,1,0.19047619047619047,0.18181818181818182,0.15540015540015542
PLS-DA,4,SNV,snv,250 nm,18,9,2,0.21052631578947367,0.13333333333333333,0.10389610389610389
PLS-DA,4,SNV,snv,250 nm,19,10,1,0.2857142857142857,0.1590909090909091,0.10984848484848485
PLS-DA,4,SNV,snv,250 nm,20,10,2,0.3684210526315789,0.2,0.1471861471861472
PLS-DA,4,SNV,snv,250 nm,21,11,1,0.35,0.2121212121212121,0.13737373737373737
PLS-DA,4,SNV,snv,250 nm,22,11,2,0.35,0.18333333333333332,0.13333333333333333
PLS-DA,4,SNV,snv,250 nm,23,12,1,0.23809523809523808,0.11363636363636363,0.07832167832167833
PLS-DA,4,SNV,snv,250 nm,24,12,2,0.2631578947368421,0.14166666666666666,0.08585858585858586
PLS-DA,4,SNV,snv,250 nm,25,13,1,0.3,0.20454545454545456,0.12101534828807554
PLS-DA,4,SNV,snv,250 nm,26,13,2,0.25,0.13333333333333333,0.1264069264069264
PLS-DA,4,SNV,snv,250 nm,27,14,1,0.2857142857142857,0.17424242424242423,0.10615243342516069
PLS-DA,4,SNV,snv,250 nm,28,14,2,0.21052631578947367,0.125,0.11717171717171716
PLS-DA,4,SNV,snv,250 nm,29,15,1,0.19047619047619047,0.09848484848484848,0.054812834224598934
PLS-DA,4,SNV,snv,250 nm,30,15,2,0.2631578947368421,0.15,0.11313131313131314
PLS-DA,4,SNV,snv,250 nm,31,16,1,0.19047619047619047,0.10606060606060605,0.09940059940059941
PLS-DA,4,SNV,snv,250 nm,32,16,2,0.21052631578947367,0.125,0.07847707847707848
PLS-DA,4,SNV,snv,250 nm,33,17,1,0.25,0.14393939393939392,0.1103896103896104
PLS-DA,4,SNV,snv,250 nm,34,17,2,0.3,0.225,0.12376068376068376
PLS-DA,4,SNV,snv,250 nm,35,18,1,0.3,0.17424242424242423,0.132034632034632
PLS-DA,4,SNV,snv,250 nm,36,18,2,0.3,0.15833333333333333,0.11229174865538502
PLS-DA,4,SNV,snv,250 nm,37,19,1,0.3,0.17424242424242423,0.11572871572871572
PLS-DA,4,SNV,snv,250 nm,38,19,2,0.35,0.175,0.1109625668449198
PLS-DA,4,SNV,snv,250 nm,39,20,1,0.1,0.053030303030303025,0.045454545454545456
PLS-DA,4,SNV,snv,250 nm,40,20,2,0.25,0.13333333333333333,0.1201298701298701
PLS-DA,4,SNV,snv,308 nm,1,1,1,0.35,0.3181818181818182,0.2313131313131313
PLS-DA,4,SNV,snv,308 nm,2,1,2,0.2,0.175,0.09615384615384616
PLS-DA,4,SNV,snv,308 nm,3,2,1,0.23809523809523808,0.13636363636363635,0.10372960372960373
PLS-DA,4,SNV,snv,308 nm,4,2,2,0.21052631578947367,0.1,0.07272727272727272
PLS-DA,4,SNV,snv,308 nm,5,3,1,0.25,0.20454545454545456,0.16666666666666666
PLS-DA,4,SNV,snv,308 nm,6,3,2,0.15,0.075,0.060606060606060615
PLS-DA,4,SNV,snv,308 nm,7,4,1,0.3,0.2424242424242424,0.197979797979798
PLS-DA,4,SNV,snv,308 nm,8,4,2,0.3,0.225,0.14502164502164502
PLS-DA,4,SNV,snv,308 nm,9,5,1,0.35,0.26515151515151514,0.17548209366391185
PLS-DA,4,SNV,snv,308 nm,10,5,2,0.25,0.125,0.09090909090909091
PLS-DA,4,SNV,snv,308 nm,11,6,1,0.2,0.19696969696969696,0.14393939393939392
PLS-DA,4,SNV,snv,308 nm,12,6,2,0.2,0.125,0.08658008658008658
PLS-DA,4,SNV,snv,308 nm,13,7,1,0.25,0.2196969696969697,0.13333333333333333
PLS-DA,4,SNV,snv,308 nm,14,7,2,0.15,0.075,0.028708133971291863
PLS-DA,4,SNV,snv,308 nm,15,8,1,0.23809523809523808,0.22727272727272727,0.1396103896103896
PLS-DA,4,SNV,snv,308 nm,16,8,2,0.2631578947368421,0.15,0.10818181818181818
PLS-DA,4,SNV,snv,308 nm,17,9,1,0.14285714285714285,0.1590909090909091,0.06955922865013774
PLS-DA,4,SNV,snv,308 nm,18,9,2,0.21052631578947367,0.11666666666666665,0.06336088154269973
PLS-DA,4,SNV,snv,308 nm,19,10,1,0.3333333333333333,0.2727272727272727,0.19112554112554114
PLS-DA,4,SNV,snv,308 nm,20,10,2,0.2631578947368421,0.20833333333333331,0.16666666666666666
PLS-DA,4,SNV,snv,308 nm,21,11,1,0.3,0.19696969696969696,0.15800865800865802
PLS-DA,4,SNV,snv,308 nm,22,11,2,0.3,0.2333333333333333,0.16233766233766234
PLS-DA,4,SNV,snv,308 nm,23,12,1,0.23809523809523808,0.20454545454545456,0.13636363636363635
PLS-DA,4,SNV,snv,308 nm,24,12,2,0.2631578947368421,0.21666666666666665,0.17936507936507934
PLS-DA,4,SNV,snv,308 nm,25,13,1,0.2,0.18181818181818182,0.12727272727272726
PLS-DA,4,SNV,snv,308 nm,26,13,2,0.35,0.2833333333333333,0.20707070707070707
PLS-DA,4,SNV,snv,308 nm,27,14,1,0.19047619047619047,0.17424242424242423,0.09264069264069263
PLS-DA,4,SNV,snv,308 nm,28,14,2,0.21052631578947367,0.125,0.08311688311688312
PLS-DA,4,SNV,snv,308 nm,29,15,1,0.14285714285714285,0.1515151515151515,0.06818181818181818
PLS-DA,4,SNV,snv,308 nm,30,15,2,0.15789473684210525,0.1,0.06666666666666667
PLS-DA,4,SNV,snv,308 nm,31,16,1,0.2857142857142857,0.2424242424242424,0.1691197691197691
PLS-DA,4,SNV,snv,308 nm,32,16,2,0.21052631578947367,0.1,0.06216006216006216
PLS-DA,4,SNV,snv,308 nm,33,17,1,0.35,0.2803030303030303,0.19112554112554114
PLS-DA,4,SNV,snv,308 nm,34,17,2,0.35,0.25,0.18181818181818182
PLS-DA,4,SNV,snv,308 nm,35,18,1,0.25,0.2121212121212121,0.12770562770562768
PLS-DA,4,SNV,snv,308 nm,36,18,2,0.3,0.25,0.16666666666666666
PLS-DA,4,SNV,snv,308 nm,37,19,1,0.35,0.28787878787878785,0.2606060606060606
PLS-DA,4,SNV,snv,308 nm,38,19,2,0.25,0.2,0.1463990554899646
PLS-DA,4,SNV,snv,308 nm,39,20,1,0.25,0.18181818181818182,0.08181818181818182
PLS-DA,4,SNV,snv,308 nm,40,20,2,0.15,0.15,0.09848484848484848
PLS-DA,4,SNV,snv,Combined,1,1,1,0.4,0.29545454545454547,0.22534435261707986
PLS-DA,4,SNV,snv,Combined,2,1,2,0.2,0.10833333333333332,0.09264069264069263
PLS-DA,4,SNV,snv,Combined,3,2,1,0.2857142857142857,0.1590909090909091,0.07954545454545454
PLS-DA,4,SNV,snv,Combined,4,2,2,0.3157894736842105,0.175,0.1162534435261708
PLS-DA,4,SNV,snv,Combined,5,3,1,0.3,0.1590909090909091,0.11776859504132231
PLS-DA,4,SNV,snv,Combined,6,3,2,0.3,0.175,0.15564738292011018
PLS-DA,4,SNV,snv,Combined,7,4,1,0.35,0.20454545454545456,0.13286713286713286
PLS-DA,4,SNV,snv,Combined,8,4,2,0.3,0.15,0.10606060606060605
PLS-DA,4,SNV,snv,Combined,9,5,1,0.4,0.2727272727272727,0.17217630853994492
PLS-DA,4,SNV,snv,Combined,10,5,2,0.3,0.15,0.09090909090909091
PLS-DA,4,SNV,snv,Combined,11,6,1,0.3,0.18181818181818182,0.12229437229437229
PLS-DA,4,SNV,snv,Combined,12,6,2,0.4,0.20833333333333334,0.16565656565656564
PLS-DA,4,SNV,snv,Combined,13,7,1,0.2,0.17424242424242423,0.0893939393939394
PLS-DA,4,SNV,snv,Combined,14,7,2,0.15,0.075,0.05325987144168962
PLS-DA,4,SNV,snv,Combined,15,8,1,0.2857142857142857,0.25,0.15261707988980716
PLS-DA,4,SNV,snv,Combined,16,8,2,0.21052631578947367,0.125,0.09610389610389608
PLS-DA,4,SNV,snv,Combined,17,9,1,0.23809523809523808,0.20454545454545456,0.10505050505050505
PLS-DA,4,SNV,snv,Combined,18,9,2,0.21052631578947367,0.125,0.06776859504132231
PLS-DA,4,SNV,snv,Combined,19,10,1,0.42857142857142855,0.3181818181818182,0.23116883116883116
PLS-DA,4,SNV,snv,Combined,20,10,2,0.21052631578947367,0.10833333333333332,0.06216006216006216
PLS-DA,4,SNV,snv,Combined,21,11,1,0.2,0.10606060606060605,0.08585858585858586
PLS-DA,4,SNV,snv,Combined,22,11,2,0.35,0.2,0.14848484848484847
PLS-DA,4,SNV,snv,Combined,23,12,1,0.2857142857142857,0.13636363636363635,0.10606060606060605
PLS-DA,4,SNV,snv,Combined,24,12,2,0.3684210526315789,0.24166666666666664,0.1414141414141414
PLS-DA,4,SNV,snv,Combined,25,13,1,0.2,0.11363636363636363,0.07272727272727274
PLS-DA,4,SNV,snv,Combined,26,13,2,0.25,0.13333333333333333,0.12396694214876032
PLS-DA,4,SNV,snv,Combined,27,14,1,0.19047619047619047,0.11363636363636363,0.0859504132231405
PLS-DA,4,SNV,snv,Combined,28,14,2,0.3157894736842105,0.175,0.1313131313131313
PLS-DA,4,SNV,snv,Combined,29,15,1,0.2857142857142857,0.2196969696969697,0.12029384756657482
PLS-DA,4,SNV,snv,Combined,30,15,2,0.2631578947368421,0.15,0.11019283746556473
PLS-DA,4,SNV,snv,Combined,31,16,1,0.38095238095238093,0.29545454545454547,0.21298701298701295
PLS-DA,4,SNV,snv,Combined,32,16,2,0.21052631578947367,0.1,0.06565656565656565
PLS-DA,4,SNV,snv,Combined,33,17,1,0.35,0.26515151515151514,0.17496392496392496
PLS-DA,4,SNV,snv,Combined,34,17,2,0.35,0.2,0.12536554354736174
PLS-DA,4,SNV,snv,Combined,35,18,1,0.35,0.20454545454545456,0.1396103896103896
PLS-DA,4,SNV,snv,Combined,36,18,2,0.4,0.225,0.14685314685314685
PLS-DA,4,SNV,snv,Combined,37,19,1,0.25,0.1515151515151515,0.1287157287157287
PLS-DA,4,SNV,snv,Combined,38,19,2,0.35,0.175,0.10649350649350647
PLS-DA,4,SNV,snv,Combined,39,20,1,0.25,0.1590909090909091,0.09595959595959594
PLS-DA,4,SNV,snv,Combined,40,20,2,0.25,0.125,0.09696969696969697
PLS-DA,4,AsLS + SNV,asls_snv,440 nm,1,1,1,0.35,0.26515151515151514,0.1688311688311688
PLS-DA,4,AsLS + SNV,asls_snv,440 nm,2,1,2,0.2,0.1,0.06837606837606837
PLS-DA,4,AsLS + SNV,asls_snv,440 nm,3,2,1,0.14285714285714285,0.07575757575757575,0.0487012987012987
PLS-DA,4,AsLS + SNV,asls_snv,440 nm,4,2,2,0.3157894736842105,0.2,0.1
PLS-DA,4,AsLS + SNV,asls_snv,440 nm,5,3,1,0.2,0.09848484848484848,0.07107438016528925
PLS-DA,4,AsLS + SNV,asls_snv,440 nm,6,3,2,0.15,0.1,0.07012987012987013
PLS-DA,4,AsLS + SNV,asls_snv,440 nm,7,4,1,0.3,0.18181818181818182,0.12626262626262627
PLS-DA,4,AsLS + SNV,asls_snv,440 nm,8,4,2,0.15,0.075,0.04958677685950413
PLS-DA,4,AsLS + SNV,asls_snv,440 nm,9,5,1,0.3,0.16666666666666666,0.13636363636363635
PLS-DA,4,AsLS + SNV,asls_snv,440 nm,10,5,2,0.2,0.1,0.06611570247933884
PLS-DA,4,AsLS + SNV,asls_snv,440 nm,11,6,1,0.25,0.12878787878787878,0.10822510822510822
PLS-DA,4,AsLS + SNV,asls_snv,440 nm,12,6,2,0.2,0.1,0.06926406926406926
PLS-DA,4,AsLS + SNV,asls_snv,440 nm,13,7,1,0.15,0.09090909090909091,0.07272727272727274
PLS-DA,4,AsLS + SNV,asls_snv,440 nm,14,7,2,0.15,0.075,0.048174048174048176
PLS-DA,4,AsLS + SNV,asls_snv,440 nm,15,8,1,0.19047619047619047,0.11363636363636363,0.0756198347107438
PLS-DA,4,AsLS + SNV,asls_snv,440 nm,16,8,2,0.10526315789473684,0.05,0.04428904428904429
PLS-DA,4,AsLS + SNV,asls_snv,440 nm,17,9,1,0.09523809523809523,0.06818181818181818,0.04250295159386069
PLS-DA,4,AsLS + SNV,asls_snv,440 nm,18,9,2,0.10526315789473684,0.06666666666666667,0.03636363636363637
PLS-DA,4,AsLS + SNV,asls_snv,440 nm,19,10,1,0.14285714285714285,0.13636363636363635,0.07272727272727274
PLS-DA,4,AsLS + SNV,asls_snv,440 nm,20,10,2,0.2631578947368421,0.13333333333333333,0.07142857142857142
PLS-DA,4,AsLS + SNV,asls_snv,440 nm,21,11,1,0.35,0.19696969696969696,0.1313131313131313
PLS-DA,4,AsLS + SNV,asls_snv,440 nm,22,11,2,0.3,0.18333333333333332,0.13892773892773894
PLS-DA,4,AsLS + SNV,asls_snv,440 nm,23,12,1,0.19047619047619047,0.09090909090909091,0.06433566433566434
PLS-DA,4,AsLS + SNV,asls_snv,440 nm,24,12,2,0.2631578947368421,0.14166666666666666,0.08181818181818182
PLS-DA,4,AsLS + SNV,asls_snv,440 nm,25,13,1,0.3,0.20454545454545456,0.12420912420912421
PLS-DA,4,AsLS + SNV,asls_snv,440 nm,26,13,2,0.15,0.075,0.03636363636363637
PLS-DA,4,AsLS + SNV,asls_snv,440 nm,27,14,1,0.14285714285714285,0.08333333333333333,0.04242424242424243
PLS-DA,4,AsLS + SNV,asls_snv,440 nm,28,14,2,0.15789473684210525,0.075,0.05627705627705628
PLS-DA,4,AsLS + SNV,asls_snv,440 nm,29,15,1,0.19047619047619047,0.09848484848484848,0.061983471074380174
PLS-DA,4,AsLS + SNV,asls_snv,440 nm,30,15,2,0.10526315789473684,0.075,0.03925619834710744
PLS-DA,4,AsLS + SNV,asls_snv,440 nm,31,16,1,0.14285714285714285,0.07575757575757575,0.04450095359186269
PLS-DA,4,AsLS + SNV,asls_snv,440 nm,32,16,2,0.2631578947368421,0.15,0.10649350649350647
PLS-DA,4,AsLS + SNV,asls_snv,440 nm,33,17,1,0.2,0.16666666666666666,0.11969696969696969
PLS-DA,4,AsLS + SNV,asls_snv,440 nm,34,17,2,0.3,0.175,0.1212121212121212
PLS-DA,4,AsLS + SNV,asls_snv,440 nm,35,18,1,0.2,0.10606060606060605,0.0974025974025974
PLS-DA,4,AsLS + SNV,asls_snv,440 nm,36,18,2,0.25,0.125,0.10606060606060605
PLS-DA,4,AsLS + SNV,asls_snv,440 nm,37,19,1,0.15,0.07575757575757575,0.053946053946053944
PLS-DA,4,AsLS + SNV,asls_snv,440 nm,38,19,2,0.2,0.1,0.0404040404040404
PLS-DA,4,AsLS + SNV,asls_snv,440 nm,39,20,1,0.15,0.10606060606060605,0.07575757575757575
PLS-DA,4,AsLS + SNV,asls_snv,440 nm,40,20,2,0.05,0.025,0.01515151515151515
PLS-DA,4,AsLS + SNV,asls_snv,250 nm,1,1,1,0.3,0.17424242424242423,0.11760461760461759
PLS-DA,4,AsLS + SNV,asls_snv,250 nm,2,1,2,0.3,0.2333333333333333,0.16233766233766234
PLS-DA,4,AsLS + SNV,asls_snv,250 nm,3,2,1,0.2857142857142857,0.22727272727272727,0.20188902007083823
PLS-DA,4,AsLS + SNV,asls_snv,250 nm,4,2,2,0.3684210526315789,0.225,0.16291208791208792
PLS-DA,4,AsLS + SNV,asls_snv,250 nm,5,3,1,0.25,0.12878787878787878,0.08441558441558442
PLS-DA,4,AsLS + SNV,asls_snv,250 nm,6,3,2,0.35,0.19166666666666665,0.1575757575757576
PLS-DA,4,AsLS + SNV,asls_snv,250 nm,7,4,1,0.35,0.22727272727272727,0.1616161616161616
PLS-DA,4,AsLS + SNV,asls_snv,250 nm,8,4,2,0.4,0.21666666666666665,0.1515151515151515
PLS-DA,4,AsLS + SNV,asls_snv,250 nm,9,5,1,0.35,0.19696969696969696,0.13073593073593073
PLS-DA,4,AsLS + SNV,asls_snv,250 nm,10,5,2,0.3,0.15,0.08391608391608392
PLS-DA,4,AsLS + SNV,asls_snv,250 nm,11,6,1,0.3,0.19696969696969696,0.12626262626262627
PLS-DA,4,AsLS + SNV,asls_snv,250 nm,12,6,2,0.3,0.15833333333333333,0.1305194805194805
PLS-DA,4,AsLS + SNV,asls_snv,250 nm,13,7,1,0.2,0.11363636363636363,0.06818181818181818
PLS-DA,4,AsLS + SNV,asls_snv,250 nm,14,7,2,0.35,0.19166666666666665,0.14820936639118457
PLS-DA,4,AsLS + SNV,asls_snv,250 nm,15,8,1,0.2857142857142857,0.23484848484848483,0.1370851370851371
PLS-DA,4,AsLS + SNV,asls_snv,250 nm,16,8,2,0.15789473684210525,0.075,0.06818181818181818
PLS-DA,4,AsLS + SNV,asls_snv,250 nm,17,9,1,0.19047619047619047,0.18181818181818182,0.15353535353535355
PLS-DA,4,AsLS + SNV,asls_snv,250 nm,18,9,2,0.3684210526315789,0.21666666666666665,0.1564935064935065
PLS-DA,4,AsLS + SNV,asls_snv,250 nm,19,10,1,0.23809523809523808,0.13636363636363635,0.09567099567099566
PLS-DA,4,AsLS + SNV,asls_snv,250 nm,20,10,2,0.2631578947368421,0.13333333333333333,0.06875477463712758
PLS-DA,4,AsLS + SNV,asls_snv,250 nm,21,11,1,0.2,0.1212121212121212,0.08290699199790108
PLS-DA,4,AsLS + SNV,asls_snv,250 nm,22,11,2,0.3,0.15,0.09366391184573003
PLS-DA,4,AsLS + SNV,asls_snv,250 nm,23,12,1,0.19047619047619047,0.09090909090909091,0.06942148760330578
PLS-DA,4,AsLS + SNV,asls_snv,250 nm,24,12,2,0.42105263157894735,0.24166666666666664,0.15564738292011018
PLS-DA,4,AsLS + SNV,asls_snv,250 nm,25,13,1,0.35,0.22727272727272727,0.1515151515151515
PLS-DA,4,AsLS + SNV,asls_snv,250 nm,26,13,2,0.25,0.13333333333333333,0.11963793781975599
PLS-DA,4,AsLS + SNV,asls_snv,250 nm,27,14,1,0.23809523809523808,0.16666666666666666,0.10757575757575757
PLS-DA,4,AsLS + SNV,asls_snv,250 nm,28,14,2,0.05263157894736842,0.025,0.03636363636363637
PLS-DA,4,AsLS + SNV,asls_snv,250 nm,29,15,1,0.2857142857142857,0.15909090909090906,0.11085858585858586
PLS-DA,4,AsLS + SNV,asls_snv,250 nm,30,15,2,0.3157894736842105,0.175,0.12727272727272726
PLS-DA,4,AsLS + SNV,asls_snv,250 nm,31,16,1,0.19047619047619047,0.10606060606060605,0.10173160173160173
PLS-DA,4,AsLS + SNV,asls_snv,250 nm,32,16,2,0.3157894736842105,0.175,0.12857142857142856
PLS-DA,4,AsLS + SNV,asls_snv,250 nm,33,17,1,0.25,0.16666666666666666,0.1347107438016529
PLS-DA,4,AsLS + SNV,asls_snv,250 nm,34,17,2,0.3,0.225,0.1482051282051282
PLS-DA,4,AsLS + SNV,asls_snv,250 nm,35,18,1,0.3,0.17424242424242423,0.12294372294372295
PLS-DA,4,AsLS + SNV,asls_snv,250 nm,36,18,2,0.25,0.125,0.08631772268135905
PLS-DA,4,AsLS + SNV,asls_snv,250 nm,37,19,1,0.25,0.1515151515151515,0.09943591761773579
PLS-DA,4,AsLS + SNV,asls_snv,250 nm,38,19,2,0.25,0.125,0.09464285714285714
PLS-DA,4,AsLS + SNV,asls_snv,250 nm,39,20,1,0.15,0.09848484848484848,0.08658008658008658
PLS-DA,4,AsLS + SNV,asls_snv,250 nm,40,20,2,0.25,0.13333333333333333,0.11688311688311687
PLS-DA,4,AsLS + SNV,asls_snv,308 nm,1,1,1,0.3,0.22727272727272727,0.13544536271809
PLS-DA,4,AsLS + SNV,asls_snv,308 nm,2,1,2,0.3,0.25,0.18037518037518038
PLS-DA,4,AsLS + SNV,asls_snv,308 nm,3,2,1,0.19047619047619047,0.10606060606060605,0.05827505827505827
PLS-DA,4,AsLS + SNV,asls_snv,308 nm,4,2,2,0.2631578947368421,0.225,0.13722222222222222
PLS-DA,4,AsLS + SNV,asls_snv,308 nm,5,3,1,0.3,0.22727272727272727,0.13789846517119245
PLS-DA,4,AsLS + SNV,asls_snv,308 nm,6,3,2,0.25,0.2,0.13999999999999999
PLS-DA,4,AsLS + SNV,asls_snv,308 nm,7,4,1,0.3,0.20454545454545456,0.1263544536271809
PLS-DA,4,AsLS + SNV,asls_snv,308 nm,8,4,2,0.25,0.2,0.11688311688311687
PLS-DA,4,AsLS + SNV,asls_snv,308 nm,9,5,1,0.25,0.1590909090909091,0.1212121212121212
PLS-DA,4,AsLS + SNV,asls_snv,308 nm,10,5,2,0.25,0.125,0.09090909090909091
PLS-DA,4,AsLS + SNV,asls_snv,308 nm,11,6,1,0.15,0.10606060606060605,0.050505050505050504
PLS-DA,4,AsLS + SNV,asls_snv,308 nm,12,6,2,0.2,0.125,0.08356290174471993
PLS-DA,4,AsLS + SNV,asls_snv,308 nm,13,7,1,0.25,0.2121212121212121,0.1409090909090909
PLS-DA,4,AsLS + SNV,asls_snv,308 nm,14,7,2,0.15,0.075,0.02727272727272727
PLS-DA,4,AsLS + SNV,asls_snv,308 nm,15,8,1,0.23809523809523808,0.2196969696969697,0.13333333333333333
PLS-DA,4,AsLS + SNV,asls_snv,308 nm,16,8,2,0.2631578947368421,0.15,0.09504132231404959
PLS-DA,4,AsLS + SNV,asls_snv,308 nm,17,9,1,0.23809523809523808,0.25,0.12667332667332667
PLS-DA,4,AsLS + SNV,asls_snv,308 nm,18,9,2,0.2631578947368421,0.14166666666666666,0.07676767676767676
PLS-DA,4,AsLS + SNV,asls_snv,308 nm,19,10,1,0.3333333333333333,0.2727272727272727,0.1857142857142857
PLS-DA,4,AsLS + SNV,asls_snv,308 nm,20,10,2,0.21052631578947367,0.11666666666666665,0.1007936507936508
PLS-DA,4,AsLS + SNV,asls_snv,308 nm,21,11,1,0.25,0.17424242424242423,0.16233766233766234
PLS-DA,4,AsLS + SNV,asls_snv,308 nm,22,11,2,0.3,0.225,0.15538847117794485
PLS-DA,4,AsLS + SNV,asls_snv,308 nm,23,12,1,0.2857142857142857,0.22727272727272727,0.15227272727272725
PLS-DA,4,AsLS + SNV,asls_snv,308 nm,24,12,2,0.15789473684210525,0.10833333333333332,0.11176470588235295
PLS-DA,4,AsLS + SNV,asls_snv,308 nm,25,13,1,0.25,0.18181818181818182,0.08585858585858586
PLS-DA,4,AsLS + SNV,asls_snv,308 nm,26,13,2,0.3,0.25,0.1481168831168831
PLS-DA,4,AsLS + SNV,asls_snv,308 nm,27,14,1,0.23809523809523808,0.2196969696969697,0.17424242424242423
PLS-DA,4,AsLS + SNV,asls_snv,308 nm,28,14,2,0.2631578947368421,0.175,0.12245179063360881
PLS-DA,4,AsLS + SNV,asls_snv,308 nm,29,15,1,0.09523809523809523,0.1212121212121212,0.045454545454545456
PLS-DA,4,AsLS + SNV,asls_snv,308 nm,30,15,2,0.2631578947368421,0.25,0.19077134986225897
PLS-DA,4,AsLS + SNV,asls_snv,308 nm,31,16,1,0.3333333333333333,0.26515151515151514,0.19531680440771348
PLS-DA,4,AsLS + SNV,asls_snv,308 nm,32,16,2,0.2631578947368421,0.175,0.10589410589410587
PLS-DA,4,AsLS + SNV,asls_snv,308 nm,33,17,1,0.25,0.23484848484848483,0.14567099567099567
PLS-DA,4,AsLS + SNV,asls_snv,308 nm,34,17,2,0.35,0.275,0.24640522875816995
PLS-DA,4,AsLS + SNV,asls_snv,308 nm,35,18,1,0.35,0.29545454545454547,0.21414141414141416
PLS-DA,4,AsLS + SNV,asls_snv,308 nm,36,18,2,0.3,0.25,0.18053221288515403
PLS-DA,4,AsLS + SNV,asls_snv,308 nm,37,19,1,0.25,0.17424242424242423,0.1393939393939394
PLS-DA,4,AsLS + SNV,asls_snv,308 nm,38,19,2,0.25,0.2,0.13636363636363635
PLS-DA,4,AsLS + SNV,asls_snv,308 nm,39,20,1,0.2,0.13636363636363635,0.06818181818181818
PLS-DA,4,AsLS + SNV,asls_snv,308 nm,40,20,2,0.1,0.125,0.06222222222222222
PLS-DA,4,AsLS + SNV,asls_snv,Combined,1,1,1,0.35,0.25,0.18434343434343434
PLS-DA,4,AsLS + SNV,asls_snv,Combined,2,1,2,0.3,0.175,0.11250971250971252
PLS-DA,4,AsLS + SNV,asls_snv,Combined,3,2,1,0.2857142857142857,0.15909090909090906,0.12481962481962482
PLS-DA,4,AsLS + SNV,asls_snv,Combined,4,2,2,0.3684210526315789,0.225,0.1409090909090909
PLS-DA,4,AsLS + SNV,asls_snv,Combined,5,3,1,0.3,0.1590909090909091,0.11515151515151514
PLS-DA,4,AsLS + SNV,asls_snv,Combined,6,3,2,0.4,0.23333333333333334,0.21019283746556472
PLS-DA,4,AsLS + SNV,asls_snv,Combined,7,4,1,0.35,0.22727272727272727,0.1465564738292011
PLS-DA,4,AsLS + SNV,asls_snv,Combined,8,4,2,0.4,0.23333333333333334,0.21320346320346317
PLS-DA,4,AsLS + SNV,asls_snv,Combined,9,5,1,0.3,0.18181818181818182,0.12597402597402596
PLS-DA,4,AsLS + SNV,asls_snv,Combined,10,5,2,0.4,0.225,0.1465564738292011
PLS-DA,4,AsLS + SNV,asls_snv,Combined,11,6,1,0.15,0.10606060606060605,0.0487012987012987
PLS-DA,4,AsLS + SNV,asls_snv,Combined,12,6,2,0.35,0.175,0.12626262626262627
PLS-DA,4,AsLS + SNV,asls_snv,Combined,13,7,1,0.3,0.2196969696969697,0.13636363636363635
PLS-DA,4,AsLS + SNV,asls_snv,Combined,14,7,2,0.2,0.10833333333333332,0.0815426997245179
PLS-DA,4,AsLS + SNV,asls_snv,Combined,15,8,1,0.2857142857142857,0.23484848484848483,0.12859110586383313
PLS-DA,4,AsLS + SNV,asls_snv,Combined,16,8,2,0.21052631578947367,0.1,0.06611570247933884
PLS-DA,4,AsLS + SNV,asls_snv,Combined,17,9,1,0.3333333333333333,0.2727272727272727,0.1803030303030303
PLS-DA,4,AsLS + SNV,asls_snv,Combined,18,9,2,0.21052631578947367,0.125,0.05916305916305915
PLS-DA,4,AsLS + SNV,asls_snv,Combined,19,10,1,0.2857142857142857,0.22727272727272727,0.16507936507936505
PLS-DA,4,AsLS + SNV,asls_snv,Combined,20,10,2,0.3684210526315789,0.2,0.1104895104895105
PLS-DA,4,AsLS + SNV,asls_snv,Combined,21,11,1,0.3,0.17424242424242423,0.1313131313131313
PLS-DA,4,AsLS + SNV,asls_snv,Combined,22,11,2,0.3,0.175,0.13774104683195593
PLS-DA,4,AsLS + SNV,asls_snv,Combined,23,12,1,0.38095238095238093,0.22727272727272727,0.22034632034632032
PLS-DA,4,AsLS + SNV,asls_snv,Combined,24,12,2,0.21052631578947367,0.13333333333333333,0.06942148760330578
PLS-DA,4,AsLS + SNV,asls_snv,Combined,25,13,1,0.3,0.20454545454545456,0.12077922077922078
PLS-DA,4,AsLS + SNV,asls_snv,Combined,26,13,2,0.2,0.1,0.08181818181818182
PLS-DA,4,AsLS + SNV,asls_snv,Combined,27,14,1,0.2857142857142857,0.23484848484848483,0.15656565656565655
PLS-DA,4,AsLS + SNV,asls_snv,Combined,28,14,2,0.2631578947368421,0.15,0.09641873278236913
PLS-DA,4,AsLS + SNV,asls_snv,Combined,29,15,1,0.19047619047619047,0.10606060606060605,0.07272727272727274
PLS-DA,4,AsLS + SNV,asls_snv,Combined,30,15,2,0.3684210526315789,0.2,0.1424242424242424
PLS-DA,4,AsLS + SNV,asls_snv,Combined,31,16,1,0.2857142857142857,0.2196969696969697,0.15454545454545454
PLS-DA,4,AsLS + SNV,asls_snv,Combined,32,16,2,0.42105263157894735,0.225,0.15564738292011018
PLS-DA,4,AsLS + SNV,asls_snv,Combined,33,17,1,0.35,0.28787878787878785,0.20151515151515154
PLS-DA,4,AsLS + SNV,asls_snv,Combined,34,17,2,0.3,0.175,0.11212121212121212
PLS-DA,4,AsLS + SNV,asls_snv,Combined,35,18,1,0.15,0.08333333333333333,0.07676767676767676
PLS-DA,4,AsLS + SNV,asls_snv,Combined,36,18,2,0.35,0.175,0.10649350649350647
PLS-DA,4,AsLS + SNV,asls_snv,Combined,37,19,1,0.2,0.1212121212121212,0.10678210678210677
PLS-DA,4,AsLS + SNV,asls_snv,Combined,38,19,2,0.3,0.15,0.0965034965034965
PLS-DA,4,AsLS + SNV,asls_snv,Combined,39,20,1,0.25,0.1590909090909091,0.09852369852369854
PLS-DA,4,AsLS + SNV,asls_snv,Combined,40,20,2,0.25,0.125,0.09366391184573003
PLS-DA,4,AsLS + L2,asls_l2,440 nm,1,1,1,0.2,0.1212121212121212,0.08175914994096813
PLS-DA,4,AsLS + L2,asls_l2,440 nm,2,1,2,0.3,0.2333333333333333,0.16363636363636364
PLS-DA,4,AsLS + L2,asls_l2,440 nm,3,2,1,0.3333333333333333,0.25,0.1787878787878788
PLS-DA,4,AsLS + L2,asls_l2,440 nm,4,2,2,0.21052631578947367,0.125,0.09030969030969031
PLS-DA,4,AsLS + L2,asls_l2,440 nm,5,3,1,0.25,0.12878787878787878,0.07676767676767676
PLS-DA,4,AsLS + L2,asls_l2,440 nm,6,3,2,0.2,0.1,0.06468531468531469
PLS-DA,4,AsLS + L2,asls_l2,440 nm,7,4,1,0.1,0.06818181818181818,0.03838383838383838
PLS-DA,4,AsLS + L2,asls_l2,440 nm,8,4,2,0.25,0.125,0.08658008658008658
PLS-DA,4,AsLS + L2,asls_l2,440 nm,9,5,1,0.3,0.1515151515151515,0.09090909090909091
PLS-DA,4,AsLS + L2,asls_l2,440 nm,10,5,2,0.3,0.15,0.09696969696969697
PLS-DA,4,AsLS + L2,asls_l2,440 nm,11,6,1,0.25,0.17424242424242423,0.10303030303030303
PLS-DA,4,AsLS + L2,asls_l2,440 nm,12,6,2,0.3,0.15833333333333333,0.10779220779220779
PLS-DA,4,AsLS + L2,asls_l2,440 nm,13,7,1,0.15,0.07575757575757575,0.04450095359186269
PLS-DA,4,AsLS + L2,asls_l2,440 nm,14,7,2,0.15,0.075,0.045454545454545456
PLS-DA,4,AsLS + L2,asls_l2,440 nm,15,8,1,0.23809523809523808,0.2121212121212121,0.16938616938616938
PLS-DA,4,AsLS + L2,asls_l2,440 nm,16,8,2,0.2631578947368421,0.15,0.12396694214876035
PLS-DA,4,AsLS + L2,asls_l2,440 nm,17,9,1,0.09523809523809523,0.06818181818181818,0.046176046176046176
PLS-DA,4,AsLS + L2,asls_l2,440 nm,18,9,2,0.2631578947368421,0.16666666666666666,0.09504132231404959
PLS-DA,4,AsLS + L2,asls_l2,440 nm,19,10,1,0.14285714285714285,0.09090909090909091,0.05775401069518716
PLS-DA,4,AsLS + L2,asls_l2,440 nm,20,10,2,0.2631578947368421,0.14166666666666666,0.07936507936507936
PLS-DA,4,AsLS + L2,asls_l2,440 nm,21,11,1,0.25,0.16666666666666666,0.10473970473970473
PLS-DA,4,AsLS + L2,asls_l2,440 nm,22,11,2,0.3,0.15833333333333333,0.10822510822510822
PLS-DA,4,AsLS + L2,asls_l2,440 nm,23,12,1,0.19047619047619047,0.09090909090909091,0.05827505827505827
PLS-DA,4,AsLS + L2,asls_l2,440 nm,24,12,2,0.3157894736842105,0.24166666666666664,0.1424242424242424
PLS-DA,4,AsLS + L2,asls_l2,440 nm,25,13,1,0.3,0.20454545454545456,0.11212121212121212
PLS-DA,4,AsLS + L2,asls_l2,440 nm,26,13,2,0.15,0.08333333333333333,0.06969696969696969
PLS-DA,4,AsLS + L2,asls_l2,440 nm,27,14,1,0.23809523809523808,0.14393939393939392,0.09329660238751147
PLS-DA,4,AsLS + L2,asls_l2,440 nm,28,14,2,0.15789473684210525,0.1,0.0606060606060606
PLS-DA,4,AsLS + L2,asls_l2,440 nm,29,15,1,0.19047619047619047,0.10606060606060605,0.07792207792207792
PLS-DA,4,AsLS + L2,asls_l2,440 nm,30,15,2,0.15789473684210525,0.1,0.07467532467532467
PLS-DA,4,AsLS + L2,asls_l2,440 nm,31,16,1,0.23809523809523808,0.12878787878787878,0.09974747474747475
PLS-DA,4,AsLS + L2,asls_l2,440 nm,32,16,2,0.2631578947368421,0.15,0.09828807556080282
PLS-DA,4,AsLS + L2,asls_l2,440 nm,33,17,1,0.2,0.1212121212121212,0.08658008658008659
PLS-DA,4,AsLS + L2,asls_l2,440 nm,34,17,2,0.35,0.25,0.19
PLS-DA,4,AsLS + L2,asls_l2,440 nm,35,18,1,0.25,0.14393939393939392,0.11818181818181818
PLS-DA,4,AsLS + L2,asls_l2,440 nm,36,18,2,0.4,0.21666666666666665,0.17079889807162532
PLS-DA,4,AsLS + L2,asls_l2,440 nm,37,19,1,0.25,0.14393939393939392,0.12101534828807554
PLS-DA,4,AsLS + L2,asls_l2,440 nm,38,19,2,0.3,0.16666666666666666,0.09696969696969697
PLS-DA,4,AsLS + L2,asls_l2,440 nm,39,20,1,0.05,0.0303030303030303,0.018181818181818184
PLS-DA,4,AsLS + L2,asls_l2,440 nm,40,20,2,0.1,0.05833333333333333,0.04292929292929293
PLS-DA,4,AsLS + L2,asls_l2,250 nm,1,1,1,0.3,0.20454545454545456,0.1318181818181818
PLS-DA,4,AsLS + L2,asls_l2,250 nm,2,1,2,0.35,0.2583333333333333,0.17548209366391185
PLS-DA,4,AsLS + L2,asls_l2,250 nm,3,2,1,0.2857142857142857,0.15909090909090906,0.11988011988011986
PLS-DA,4,AsLS + L2,asls_l2,250 nm,4,2,2,0.3684210526315789,0.225,0.1515151515151515
PLS-DA,4,AsLS + L2,asls_l2,250 nm,5,3,1,0.3,0.2196969696969697,0.17027417027417027
PLS-DA,4,AsLS + L2,asls_l2,250 nm,6,3,2,0.2,0.1,0.07992007992007992
PLS-DA,4,AsLS + L2,asls_l2,250 nm,7,4,1,0.3,0.19696969696969696,0.13737373737373737
PLS-DA,4,AsLS + L2,asls_l2,250 nm,8,4,2,0.35,0.2583333333333333,0.18506493506493504
PLS-DA,4,AsLS + L2,asls_l2,250 nm,9,5,1,0.3,0.1515151515151515,0.09393939393939393
PLS-DA,4,AsLS + L2,asls_l2,250 nm,10,5,2,0.25,0.125,0.07142857142857142
PLS-DA,4,AsLS + L2,asls_l2,250 nm,11,6,1,0.25,0.17424242424242423,0.10606060606060605
PLS-DA,4,AsLS + L2,asls_l2,250 nm,12,6,2,0.3,0.15833333333333333,0.137012987012987
PLS-DA,4,AsLS + L2,asls_l2,250 nm,13,7,1,0.2,0.10606060606060605,0.06666666666666667
PLS-DA,4,AsLS + L2,asls_l2,250 nm,14,7,2,0.3,0.15833333333333333,0.1313131313131313
PLS-DA,4,AsLS + L2,asls_l2,250 nm,15,8,1,0.23809523809523808,0.20454545454545456,0.12698412698412698
PLS-DA,4,AsLS + L2,asls_l2,250 nm,16,8,2,0.2631578947368421,0.15,0.12121212121212123
PLS-DA,4,AsLS + L2,asls_l2,250 nm,17,9,1,0.19047619047619047,0.18181818181818182,0.15930735930735931
PLS-DA,4,AsLS + L2,asls_l2,250 nm,18,9,2,0.3157894736842105,0.19166666666666665,0.13528138528138528
PLS-DA,4,AsLS + L2,asls_l2,250 nm,19,10,1,0.2857142857142857,0.1590909090909091,0.10984848484848485
PLS-DA,4,AsLS + L2,asls_l2,250 nm,20,10,2,0.3157894736842105,0.175,0.13333333333333333
PLS-DA,4,AsLS + L2,asls_l2,250 nm,21,11,1,0.3,0.18939393939393936,0.12396694214876035
PLS-DA,4,AsLS + L2,asls_l2,250 nm,22,11,2,0.35,0.18333333333333332,0.1212121212121212
PLS-DA,4,AsLS + L2,asls_l2,250 nm,23,12,1,0.23809523809523808,0.11363636363636363,0.07045454545454545
PLS-DA,4,AsLS + L2,asls_l2,250 nm,24,12,2,0.3157894736842105,0.175,0.11515151515151514
PLS-DA,4,AsLS + L2,asls_l2,250 nm,25,13,1,0.3,0.20454545454545456,0.12012987012987013
PLS-DA,4,AsLS + L2,asls_l2,250 nm,26,13,2,0.2,0.10833333333333332,0.09539551357733175
PLS-DA,4,AsLS + L2,asls_l2,250 nm,27,14,1,0.23809523809523808,0.14393939393939392,0.09090909090909091
PLS-DA,4,AsLS + L2,asls_l2,250 nm,28,14,2,0.15789473684210525,0.1,0.09090909090909091
PLS-DA,4,AsLS + L2,asls_l2,250 nm,29,15,1,0.23809523809523808,0.14393939393939392,0.10606060606060605
PLS-DA,4,AsLS + L2,asls_l2,250 nm,30,15,2,0.21052631578947367,0.125,0.09714285714285714
PLS-DA,4,AsLS + L2,asls_l2,250 nm,31,16,1,0.2857142857142857,0.2196969696969697,0.19642857142857142
PLS-DA,4,AsLS + L2,asls_l2,250 nm,32,16,2,0.2631578947368421,0.15,0.11666666666666665
PLS-DA,4,AsLS + L2,asls_l2,250 nm,33,17,1,0.25,0.1515151515151515,0.13333333333333333
PLS-DA,4,AsLS + L2,asls_l2,250 nm,34,17,2,0.35,0.2583333333333333,0.17888888888888888
PLS-DA,4,AsLS + L2,asls_l2,250 nm,35,18,1,0.25,0.14393939393939392,0.10303030303030303
PLS-DA,4,AsLS + L2,asls_l2,250 nm,36,18,2,0.25,0.14166666666666666,0.12373737373737374
PLS-DA,4,AsLS + L2,asls_l2,250 nm,37,19,1,0.3,0.17424242424242423,0.11818181818181818
PLS-DA,4,AsLS + L2,asls_l2,250 nm,38,19,2,0.4,0.21666666666666665,0.15454545454545454
PLS-DA,4,AsLS + L2,asls_l2,250 nm,39,20,1,0.15,0.1212121212121212,0.09870129870129872
PLS-DA,4,AsLS + L2,asls_l2,250 nm,40,20,2,0.15,0.08333333333333333,0.06666666666666667
PLS-DA,4,AsLS + L2,asls_l2,308 nm,1,1,1,0.3,0.22727272727272727,0.14040404040404042
PLS-DA,4,AsLS + L2,asls_l2,308 nm,2,1,2,0.2,0.175,0.11255411255411256
PLS-DA,4,AsLS + L2,asls_l2,308 nm,3,2,1,0.2857142857142857,0.15909090909090906,0.11192443919716646
PLS-DA,4,AsLS + L2,asls_l2,308 nm,4,2,2,0.2631578947368421,0.25,0.12080808080808081
PLS-DA,4,AsLS + L2,asls_l2,308 nm,5,3,1,0.25,0.20454545454545456,0.1389277389277389
PLS-DA,4,AsLS + L2,asls_l2,308 nm,6,3,2,0.25,0.2,0.1382456140350877
PLS-DA,4,AsLS + L2,asls_l2,308 nm,7,4,1,0.2,0.13636363636363635,0.06493506493506493
PLS-DA,4,AsLS + L2,asls_l2,308 nm,8,4,2,0.3,0.225,0.14076923076923076
PLS-DA,4,AsLS + L2,asls_l2,308 nm,9,5,1,0.3,0.18181818181818182,0.14801864801864803
PLS-DA,4,AsLS + L2,asls_l2,308 nm,10,5,2,0.25,0.2,0.1575757575757576
PLS-DA,4,AsLS + L2,asls_l2,308 nm,11,6,1,0.15,0.10606060606060605,0.0487012987012987
PLS-DA,4,AsLS + L2,asls_l2,308 nm,12,6,2,0.25,0.15,0.1058638331365604
PLS-DA,4,AsLS + L2,asls_l2,308 nm,13,7,1,0.25,0.2196969696969697,0.13585858585858587
PLS-DA,4,AsLS + L2,asls_l2,308 nm,14,7,2,0.15,0.075,0.05656565656565657
PLS-DA,4,AsLS + L2,asls_l2,308 nm,15,8,1,0.2857142857142857,0.25757575757575757,0.19739351557533374
PLS-DA,4,AsLS + L2,asls_l2,308 nm,16,8,2,0.3157894736842105,0.175,0.11688311688311687
PLS-DA,4,AsLS + L2,asls_l2,308 nm,17,9,1,0.19047619047619047,0.20454545454545456,0.1256198347107438
PLS-DA,4,AsLS + L2,asls_l2,308 nm,18,9,2,0.21052631578947367,0.11666666666666665,0.06637806637806637
PLS-DA,4,AsLS + L2,asls_l2,308 nm,19,10,1,0.3333333333333333,0.2727272727272727,0.18961038961038962
PLS-DA,4,AsLS + L2,asls_l2,308 nm,20,10,2,0.21052631578947367,0.13333333333333333,0.09595959595959595
PLS-DA,4,AsLS + L2,asls_l2,308 nm,21,11,1,0.15,0.10606060606060605,0.0707070707070707
PLS-DA,4,AsLS + L2,asls_l2,308 nm,22,11,2,0.35,0.25,0.16416666666666666
PLS-DA,4,AsLS + L2,asls_l2,308 nm,23,12,1,0.23809523809523808,0.18181818181818182,0.09642857142857143
PLS-DA,4,AsLS + L2,asls_l2,308 nm,24,12,2,0.2631578947368421,0.21666666666666665,0.15047619047619049
PLS-DA,4,AsLS + L2,asls_l2,308 nm,25,13,1,0.25,0.18181818181818182,0.08741258741258741
PLS-DA,4,AsLS + L2,asls_l2,308 nm,26,13,2,0.3,0.2583333333333333,0.2204184704184704
PLS-DA,4,AsLS + L2,asls_l2,308 nm,27,14,1,0.19047619047619047,0.18181818181818182,0.10675990675990675
PLS-DA,4,AsLS + L2,asls_l2,308 nm,28,14,2,0.15789473684210525,0.1,0.06444444444444444
PLS-DA,4,AsLS + L2,asls_l2,308 nm,29,15,1,0.2857142857142857,0.23484848484848483,0.1694214876033058
PLS-DA,4,AsLS + L2,asls_l2,308 nm,30,15,2,0.15789473684210525,0.1,0.06703397612488521
PLS-DA,4,AsLS + L2,asls_l2,308 nm,31,16,1,0.2857142857142857,0.2424242424242424,0.1670995670995671
PLS-DA,4,AsLS + L2,asls_l2,308 nm,32,16,2,0.3684210526315789,0.225,0.1404040404040404
PLS-DA,4,AsLS + L2,asls_l2,308 nm,33,17,1,0.3,0.26515151515151514,0.1787878787878788
PLS-DA,4,AsLS + L2,asls_l2,308 nm,34,17,2,0.3,0.225,0.17529411764705882
PLS-DA,4,AsLS + L2,asls_l2,308 nm,35,18,1,0.2,0.12878787878787878,0.09848484848484848
PLS-DA,4,AsLS + L2,asls_l2,308 nm,36,18,2,0.25,0.225,0.1638095238095238
PLS-DA,4,AsLS + L2,asls_l2,308 nm,37,19,1,0.25,0.17424242424242423,0.13333333333333333
PLS-DA,4,AsLS + L2,asls_l2,308 nm,38,19,2,0.2,0.1,0.055944055944055944
PLS-DA,4,AsLS + L2,asls_l2,308 nm,39,20,1,0.25,0.18181818181818182,0.08999081726354453
PLS-DA,4,AsLS + L2,asls_l2,308 nm,40,20,2,0.25,0.2,0.12444444444444444
PLS-DA,4,AsLS + L2,asls_l2,Combined,1,1,1,0.3,0.20454545454545456,0.1313131313131313
PLS-DA,4,AsLS + L2,asls_l2,Combined,2,1,2,0.4,0.21666666666666665,0.1606060606060606
PLS-DA,4,AsLS + L2,asls_l2,Combined,3,2,1,0.2857142857142857,0.15909090909090906,0.11616161616161615
PLS-DA,4,AsLS + L2,asls_l2,Combined,4,2,2,0.3157894736842105,0.2,0.11818181818181818
PLS-DA,4,AsLS + L2,asls_l2,Combined,5,3,1,0.25,0.12878787878787878,0.09494949494949494
PLS-DA,4,AsLS + L2,asls_l2,Combined,6,3,2,0.2,0.1,0.08585858585858586
PLS-DA,4,AsLS + L2,asls_l2,Combined,7,4,1,0.3,0.17424242424242423,0.12525252525252523
PLS-DA,4,AsLS + L2,asls_l2,Combined,8,4,2,0.35,0.19166666666666665,0.13636363636363635
PLS-DA,4,AsLS + L2,asls_l2,Combined,9,5,1,0.3,0.1515151515151515,0.10043290043290044
PLS-DA,4,AsLS + L2,asls_l2,Combined,10,5,2,0.3,0.15,0.0965034965034965
PLS-DA,4,AsLS + L2,asls_l2,Combined,11,6,1,0.2,0.1515151515151515,0.07346189164370982
PLS-DA,4,AsLS + L2,asls_l2,Combined,12,6,2,0.3,0.15833333333333333,0.1292207792207792
PLS-DA,4,AsLS + L2,asls_l2,Combined,13,7,1,0.2,0.17424242424242423,0.10123966942148761
PLS-DA,4,AsLS + L2,asls_l2,Combined,14,7,2,0.2,0.1,0.07575757575757575
PLS-DA,4,AsLS + L2,asls_l2,Combined,15,8,1,0.23809523809523808,0.20454545454545456,0.14236521054702872
PLS-DA,4,AsLS + L2,asls_l2,Combined,16,8,2,0.21052631578947367,0.125,0.09494949494949494
PLS-DA,4,AsLS + L2,asls_l2,Combined,17,9,1,0.09523809523809523,0.06818181818181818,0.04292929292929293
PLS-DA,4,AsLS + L2,asls_l2,Combined,18,9,2,0.21052631578947367,0.11666666666666665,0.06464646464646463
PLS-DA,4,AsLS + L2,asls_l2,Combined,19,10,1,0.2857142857142857,0.1590909090909091,0.12534435261707988
PLS-DA,4,AsLS + L2,asls_l2,Combined,20,10,2,0.21052631578947367,0.10833333333333332,0.06468531468531469
PLS-DA,4,AsLS + L2,asls_l2,Combined,21,11,1,0.25,0.16666666666666666,0.12987012987012986
PLS-DA,4,AsLS + L2,asls_l2,Combined,22,11,2,0.4,0.20833333333333334,0.14801864801864803
PLS-DA,4,AsLS + L2,asls_l2,Combined,23,12,1,0.23809523809523808,0.11363636363636363,0.08760330578512397
PLS-DA,4,AsLS + L2,asls_l2,Combined,24,12,2,0.21052631578947367,0.11666666666666665,0.05827505827505827
PLS-DA,4,AsLS + L2,asls_l2,Combined,25,13,1,0.25,0.18181818181818182,0.08585858585858586
PLS-DA,4,AsLS + L2,asls_l2,Combined,26,13,2,0.15,0.08333333333333333,0.08051948051948053
PLS-DA,4,AsLS + L2,asls_l2,Combined,27,14,1,0.23809523809523808,0.14393939393939392,0.10173160173160173
PLS-DA,4,AsLS + L2,asls_l2,Combined,28,14,2,0.15789473684210525,0.1,0.061111111111111116
PLS-DA,4,AsLS + L2,asls_l2,Combined,29,15,1,0.19047619047619047,0.11363636363636363,0.0891053391053391
PLS-DA,4,AsLS + L2,asls_l2,Combined,30,15,2,0.21052631578947367,0.125,0.08686868686868687
PLS-DA,4,AsLS + L2,asls_l2,Combined,31,16,1,0.2857142857142857,0.2196969696969697,0.1683982683982684
PLS-DA,4,AsLS + L2,asls_l2,Combined,32,16,2,0.3157894736842105,0.175,0.1162534435261708
PLS-DA,4,AsLS + L2,asls_l2,Combined,33,17,1,0.35,0.2803030303030303,0.19264069264069264
PLS-DA,4,AsLS + L2,asls_l2,Combined,34,17,2,0.3,0.15,0.08636363636363636
PLS-DA,4,AsLS + L2,asls_l2,Combined,35,18,1,0.2,0.1212121212121212,0.0997245179063361
PLS-DA,4,AsLS + L2,asls_l2,Combined,36,18,2,0.3,0.15,0.1115702479338843
PLS-DA,4,AsLS + L2,asls_l2,Combined,37,19,1,0.25,0.1515151515151515,0.1313131313131313
PLS-DA,4,AsLS + L2,asls_l2,Combined,38,19,2,0.35,0.2,0.13776223776223775
PLS-DA,4,AsLS + L2,asls_l2,Combined,39,20,1,0.2,0.1515151515151515,0.07346189164370982
PLS-DA,4,AsLS + L2,asls_l2,Combined,40,20,2,0.3,0.15833333333333333,0.14430014430014426
