SampleId,ActualClass,Year,Modality,PC1,PC2,PC3,PC4,PC5,PC6,PC7,PC8,PC9,PC10
1,G1,1394,250 nm,-8.913502401974853,3.999152406448828,-2.3421103810893817,-3.159276617244826,1.8694405497390496,-3.2854476854307584,-1.0219327546879784,-0.4315324995467459,-0.12316295478953765,0.5987875160459326
4,G2,1394,250 nm,3.9617428466099116,1.3734162112817003,-0.9402553807042259,0.03436529557854922,1.753525889778941,0.6828938908271173,-0.31572004321353464,2.640849424576363,-0.18281083892276775,-0.2860008013438585
9,G3,1394,250 nm,10.290292490755371,2.999322715543093,0.20691043195520378,2.0967364463278444,-3.5820321050627904,-0.8078704193104377,0.1072712960157705,0.209660938289276,-0.8985593499191775,0.7722064484813267
10,G3,1394,250 nm,13.426953662057047,-3.8439995606378448,1.2494660448766264,2.301117913905087,-0.45022553129407833,-0.046507697014389754,-0.5536268737490441,0.2672528175318537,0.7774809779545829,1.1663533435619036
13,G4,1394,250 nm,9.199396284558006,-0.5187521228686626,1.581454215715275,-0.11897029254607362,0.5947167085955568,1.2427255071366474,-1.3398981803216796,-0.5944495950035746,1.3859518276804472,0.4898833587852214
20,G5,1394,250 nm,-1.118027788253124,0.8719987803613662,10.328554791493465,0.9367699656234679,0.8984924885036746,-0.46945205908489884,-0.2727266371692178,-0.32471282071978025,-0.7578117829690044,-0.7594975566144325
24,G6,1394,250 nm,14.723617832080283,-3.681077192593046,-2.7514451798673627,2.5231657519320696,-0.4309580436593007,-1.9564383390159128,0.7203363816190286,-0.2099199302935802,0.8217691065989239,-1.638450232473528
26,G6,1394,250 nm,-28.90427826209256,-11.77767326214751,0.2318660634025692,-1.7731230059590446,-1.7907289505515833,-0.1735295574599933,-0.5334903074988794,0.421577724403805,0.12490148046165009,-0.1617102653011112
27,G6,1394,250 nm,-12.24403863446625,3.4843566455247594,-1.0503282542651173,2.2390174065469486,0.547147301616913,0.9789573756572235,0.4896597688409571,-0.7453719971777539,0.5999639365329604,-0.19245281041730963
28,G6,1394,250 nm,-11.164553937569528,2.0441203386461213,0.32386184162095943,3.4079942575131583,0.9343218041365345,-0.8545374003955597,1.7770131930265398,0.3096963963988389,0.14607696592090552,0.7495384435278776
34,G7,1394,250 nm,-17.263210957042865,3.237793066812433,-2.4469662481667522,2.289512090302423,0.14736186466106732,1.782122549946915,0.16842095406980123,-0.49399101869459133,-0.48740809115575623,-0.03923190081589226
36,G7,1394,250 nm,2.877041904207657,3.478151286750836,-2.0502442354257524,-0.2685775122779979,-0.14593682049581427,1.0100623503692447,-0.9940156828723031,-0.20590258697311392,0.05993526071137269,-0.6456081294644052
37,G8,1394,250 nm,16.40777283341136,-9.073416314015008,-2.425370327250372,-1.056085442421097,1.979368502254088,0.8832737974882956,0.5719329577369071,-0.8034917022728157,-1.4673335908442982,0.33572491755212186
39,G9,1394,250 nm,4.919761742498979,2.296703821333473,1.8237457522599303,-7.160235364040058,-0.7209703854566212,0.6610070284961543,1.9091778530456542,0.05102208192884978,0.7234288318931851,0.10885540589814902
40,G9,1394,250 nm,3.8010323852205516,5.10990317955946,-1.73913913455508,-2.292410893240441,-1.6035232727656301,0.35274065779034647,-0.712401924842036,-0.09068723244703149,-0.7224217791534855,-0.4983977374219932
3,G1,1404,250 nm,23.481515930429165,-7.3213094065019115,-3.1873751893462545,-10.550097595502063,0.1711801559787436,2.790223495858941,-1.931312566458562,1.401625115450286,-2.9714749612755136,-1.1864962265014927
5,G2,1404,250 nm,3.274244278749646,13.811846536121626,3.4685826922846212,2.7029560193883793,-1.0467660449574148,1.818196985397004,2.219831879092367,1.5441579477205856,1.3684903749440518,-1.055256548756852
6,G2,1404,250 nm,-12.475639239584288,4.333326247705571,0.7736088640452939,0.9722395735228092,7.098689113929106,-1.6914388147621084,-1.3084889281654193,2.435287067082922,-2.0846400365799775,-2.8118751107768336
7,G2,1404,250 nm,2.7101438403764972,15.481955474118001,5.137439427812565,0.2116689478398507,-4.818827268230929,1.6516951562782065,1.1765895780168667,-3.034410623525777,-2.1188921976319164,-1.067694621412976
8,G2,1404,250 nm,2.7705842617847773,14.948874804395233,4.04572628550193,0.8345877352432677,-1.6214276634966114,-1.507013086497053,2.333642911118968,-3.4277835919361523,-2.8833389662870172,0.6717551375212194
11,G3,1404,250 nm,5.145179423322089,-1.3031802681306053,-8.701682014102968,9.108988315581861,0.6902728724787093,-3.2587947018995487,0.9347753236403558,0.5867332645985845,0.9755062198318214,-0.8669049489257066
12,G3,1404,250 nm,-21.2930522053285,-18.129552333153732,-2.6716608240628963,-8.226740588234616,-0.12436459176927846,0.890820856904005,5.2477722994193,-2.4851263207112866,2.526736462025394,-2.027041264219073
14,G4,1404,250 nm,20.13209392823193,-3.1749534902566743,-7.414584043158011,-3.339649846596641,2.078577963068423,-0.07375462037689662,0.8743260469925297,-0.2893874106977557,1.861341186932165,1.9438466932118836
15,G4,1404,250 nm,22.16404508644146,-5.433607406253465,-4.526928910423525,-8.62969642917759,2.693963395302676,0.9133969428965956,-2.840543168750764,-1.285221738202674,0.32484340982186793,-0.9592097522961175
16,G4,1404,250 nm,21.978264771477207,-4.961302813578146,-6.773159577348327,-5.598973515078267,1.5138286618565258,1.486270203957099,-0.24529396946168885,0.16160833558789983,1.0624176461079253,0.588070829581576
17,G4,1404,250 nm,-9.883349455554466,-22.894082435570272,-10.303151171566164,11.894537378460743,-4.411211098459133,9.426389578319325,-1.6940254067018652,-1.2383404190414224,-1.9289562244762894,0.842443630798483
18,G4,1404,250 nm,-5.5325827509878875,1.542927509181289,0.756714460549871,-6.154499115866977,-13.375776916316136,-0.22402797864058296,0.73309773496183,4.606741243223086,0.34055845973746707,1.01076255198893
19,G4,1404,250 nm,-1.1383418211520298,-2.5178939866682444,-8.172609414707,12.014747481568463,1.346122731586676,-0.5552658512837629,-1.676885221332364,2.074550353042061,-0.505088302253957,-0.8589971455062226
21,G5,1404,250 nm,13.310332789120983,-26.113011322834794,36.71008280966526,6.299535320384541,0.5067932548881643,-1.9916668984599946,0.04745397934727222,0.23916380816291494,0.2563664119223411,0.1630454386455129
22,G5,1404,250 nm,7.193127541852397,-1.8085340453754661,-8.640898586146056,5.290416468016043,0.9079956436645762,-6.764937997042063,1.2016132058753122,-1.4811730894571185,0.004028894616526379,0.41422606173437104
23,G5,1404,250 nm,-6.337686249354364,12.209102422800038,5.010744542982998,-0.7762272510529586,0.17533296743512403,0.19429599452513655,-3.2868759459553503,-2.744444486078593,0.6474127719242011,0.8804136940550876
30,G6,1404,250 nm,-15.656068922358815,-0.6733844979590358,0.9550615509697403,-5.441099591856239,6.499602691772941,-1.632251394877185,1.8674336980085726,1.7323427446003605,-2.4536440651444416,1.2292956444427623
31,G6,1404,250 nm,5.5945324143204,-1.718924653081372,-8.982446417825047,8.601327529384111,1.5767322612878973,-3.785639674131798,1.1298097058228702,0.14219525768567218,0.7980309096370458,0.9686906921984562
32,G6,1404,250 nm,-15.177675006298642,4.34374934696602,3.0509575897311896,-4.074477150269912,4.4615680394864015,-1.604739412935539,-2.593597555838783,0.82753227437762,-0.39209321899443556,2.587570763796162
33,G6,1404,250 nm,-20.350430365109514,-11.170101959433678,-1.904744108822709,-5.4985118156100246,3.831879390085705,2.0328269892662707,3.4225817713427733,-0.09107718602456785,-0.04725525973099353,0.9198092746809564
38,G8,1404,250 nm,-12.346310983946955,-8.62541093281732,-3.8853675610871456,-4.595662783441639,-8.938267681543463,-8.3389734980388,-3.932345523877514,-1.0217203417546183,-0.14225698526809832,-0.8260980684062443
41,G10,1404,250 nm,8.478901022465122,13.752445869081331,2.963032797392376,2.1842038329476665,-0.7325035356161038,2.2558265354330005,4.674536483036609,1.1463317414716563,1.4873600860904406,-0.533277367701769
42,G10,1404,250 nm,2.5226756452814554,14.461923868154813,3.945093101851386,1.8189103070879555,-1.1895714108736148,2.182063231663363,2.566432584721419,0.6856436431828995,-0.8709150715103094,0.5865783099141663
43,G11,1404,250 nm,-10.355935804933528,9.803631441775966,4.225621967681324,0.5010145152682435,1.8788347821479852,3.875008212424147,-4.842371136953972,0.17117903028197123,2.9451970204013938,-0.3551291016289461
44,G11,1404,250 nm,-8.208568129244139,11.155466031314855,4.121941728127554,0.45050225799300475,0.8273422862930584,1.9114897460222342,-4.078157777900773,-0.6564066190385313,1.8002654351602858,-0.25852856643734273
1,G1,1394,308 nm,18.741616385031172,5.835065498236068,-9.991183419986037,-1.2681479963382565,9.570186439818437,-5.839358556463238,-5.698348679273882,7.450612259292241,-4.786953201600227,-2.795530356591875
4,G2,1394,308 nm,-3.543785760219027,22.14230354514357,-5.402104348547732,-7.553310612698079,-7.235290366029142,8.237933258693516,11.925303172945211,-0.5338816986533234,7.474550079701876,-0.24911990645502516
9,G3,1394,308 nm,-22.81660110969245,9.025290104070727,18.259456376672624,14.561197465555416,-3.8589658971185137,1.431806736374813,5.792005746946056,6.036909425370423,-11.611990438435331,-2.457227938753555
10,G3,1394,308 nm,-12.527428949921786,22.0411833601332,8.328226695756051,2.5097600943432297,-7.946221656370177,4.759031215128029,-1.9733521944417067,0.8380371818456426,1.9082171990380075,6.440767281720906
13,G4,1394,308 nm,3.327983206619019,18.53107002701734,-10.536527915036302,-2.7037689183875573,-3.0986059503436114,2.6922087651515656,-14.19070327911325,9.81097986206467,3.318888997401674,-1.1963866912515506
20,G5,1394,308 nm,2.1489301197231905,9.948151364102499,16.218600491314373,16.04465014762797,19.332183068856896,-2.9392254273821616,-6.931089118334698,-8.623318444932258,7.476225435239746,-1.0979718505168552
24,G6,1394,308 nm,-26.63066078823619,-0.7965766449168515,0.5797337473110276,-16.308375739076034,-13.202854128913414,-7.5232036392723005,-10.67623190573012,-11.325486043072196,-4.029119047025875,-1.8897995178203928
26,G6,1394,308 nm,-4.979819697237761,-12.678505366626734,-27.297749621093686,26.319084579116183,-9.108985717517363,-0.10361121696406776,1.3045956667802427,-5.068613197462914,-0.238387100983589,0.44911151906219576
27,G6,1394,308 nm,-26.467872904312674,-22.93188608289064,-6.0964396980465585,-9.117313100485724,18.12952977259559,18.141855588736032,-1.427965003349636,-0.13100991531558803,-2.358641599256921,0.8237117177183162
28,G6,1394,308 nm,-30.954004124384717,-18.70537303370775,0.37337467766510857,-4.095212911917295,4.083199230760472,-17.196952515351235,6.959686271027271,7.965625700400111,7.402593244749265,0.9736436685642262
34,G7,1394,308 nm,12.406409574248816,15.287127618119673,-6.220423742835438,-7.62893060499876,5.8657282254548795,-1.195693710433997,10.77801087911926,-4.740016606726442,-0.8185056970339932,-5.566362802693425
36,G7,1394,308 nm,21.34544140906224,2.0619643944777066,-2.09705080965604,-6.550366884418799,6.339450668912771,-5.8737555993612345,5.682936242737975,-4.022734275038028,-6.246399749871718,4.583627547188957
37,G8,1394,308 nm,24.788622472713193,-5.559143664458765,0.7392707528682788,-2.991294481378562,1.559289535753713,-3.012196992602491,-0.7746437622140205,0.2789935985213056,-3.1258047913377114,5.795335402664881
39,G9,1394,308 nm,22.58058508329708,-22.100335559347272,11.571408406800863,-0.6089855184565942,-10.214321612930588,4.2105810468768,-0.3851020185574929,1.0319510768545037,2.8176633347077717,-1.9068990364167826
40,G9,1394,308 nm,22.580585083309906,-22.100335559352796,11.571408406813426,-0.6089855184871809,-10.214321612929963,4.210581046869992,-0.38510201854119025,1.031951076851843,2.817663334707026,-1.906899036420023
3,G1,1404,308 nm,21.47350073542079,-2.2027620534495957,-13.029687103940553,2.529536299669564,-1.090440437341315,3.8404501143150127,-1.4014600574498415,1.706209568058978,-0.2603754961659633,0.4407064413024423
5,G2,1404,308 nm,2.422401159311501,11.460733301216644,-0.05196404089129651,-4.381176045746624,-0.17831376252685008,3.3496301315960326,0.6821974760265808,-3.05813000447771,0.13433670577740925,2.0917313296404774
6,G2,1404,308 nm,-16.42823779215238,8.378683350593189,-3.9513011711088324,1.8145983599579403,-7.9775464454359,0.33804765482275684,0.8409314949498619,-2.388745046784088,0.10203042884627228,-2.3244489461844138
7,G2,1404,308 nm,-0.4311834574639154,6.3646172075254315,9.531406162379593,-3.0560095986362015,3.6227261553069794,-2.1193269375567807,2.522879259326227,6.358404581242683,2.4999677853301034,-1.5037380454185478
8,G2,1404,308 nm,-9.22357687475518,-4.625315044321335,13.658598885050075,3.5294612219513484,-7.4230794246427285,0.9175015125488568,-0.3238068366497239,-1.6774991516832307,3.111511602404494,-1.842423251089767
11,G3,1404,308 nm,11.737668955418991,6.521093941232809,0.7585960209074604,-4.534421108067785,2.1476371106253573,-0.46496970894374623,2.795571403255711,-2.821089823930366,-0.6697292516419084,-1.4932098990264697
12,G3,1404,308 nm,-24.724664655034577,1.4355386808731057,-17.298506329327818,8.99627684560573,7.786919001239947,-6.373424447487474,0.8005986033237198,-2.289354313427262,2.8466222288626972,0.8313595825541693
14,G4,1404,308 nm,22.66239067750195,-12.127617963588717,-3.057158436851235,6.404937663917903,-0.12348261089541128,-0.029098763075929537,-2.654991498831029,1.6760101049110854,0.0018144860695024265,-0.08409408114328609
15,G4,1404,308 nm,20.60783598319684,-1.57123788514341,-10.305867261689915,1.4319078202075433,-1.9984791764862961,2.7894437463164476,-0.15630183628616917,0.3515844122641454,1.267435572630877,-0.3752106468616585
16,G4,1404,308 nm,19.504270359105593,-1.2667106244131638,-10.358052694027505,0.7232396416119421,-3.0658285490330957,0.2315589115150414,-1.3195660675484255,1.2748401195076855,0.7991234757129952,-0.9459585680715593
17,G4,1404,308 nm,-4.783281573379397,11.391135098475607,2.925188752927208,-4.496647893402472,3.933303737366412,4.100059344683068,-3.352711678018914,-2.2877979765665835,1.2100646490589084,-0.5166871404027014
18,G4,1404,308 nm,-17.76459379541797,-23.615043599794863,-4.929269831451381,-9.356998600902138,0.00839132377056083,-0.13576257786484977,-1.343556204873821,-0.06167218307759852,-1.334960961554356,1.7422148904937427
19,G4,1404,308 nm,19.628030304155327,2.7094299319603588,-5.58802108458138,-0.16581275113622973,3.584321211965805,3.0868428156686996,5.732485114602931,-0.6512075485076972,-1.1034216019279537,-0.3071637646384417
21,G5,1404,308 nm,14.08622008480946,-12.42662384644777,8.131435024680497,2.525633263866623,1.2193226114990279,-4.8626121811324765,-5.2360400926253075,-2.5973594446111776,-1.6622194790733407,-1.1799042554185921
22,G5,1404,308 nm,8.599617910179658,-4.4007244566056505,13.130080894670275,-0.6545154189887444,4.483455074658407,-3.0790590407571954,0.6140995396578449,-0.20338787215928278,-0.8901775498603908,-1.6963093213696792
23,G5,1404,308 nm,-15.616306311457228,15.438443014142623,-10.423470276079629,-0.6274219919996267,-0.4174121081990036,-1.373001517004492,-2.3056115871133005,2.074012202250059,-2.7160607408953603,0.2815338932740586
30,G6,1404,308 nm,-6.152178919573694,-2.8476659626166088,13.085912340918389,4.554840928634674,-1.6321363093417467,0.9758763877228813,-0.2014576712607423,1.7701053022377937,0.8143083542848681,4.250223375323419
31,G6,1404,308 nm,11.565065421808988,-1.6029241715595046,9.860665241558303,-0.5844437001569416,6.782976209912355,0.6728442056640708,0.4209719854265046,-1.5030128274424226,-0.47159027715243684,0.9644306868917318
32,G6,1404,308 nm,-24.190304101081495,-6.174723410275408,2.898358516984637,10.880178567830725,0.3811816301798775,3.098537404256755,3.1386641702211886,1.1096641855544356,-3.731959636856902,-1.1306742964706746
33,G6,1404,308 nm,-14.781522787318217,4.3350146281665385,6.680418606773537,2.6124198550665643,0.5869466635799103,6.385385613852238,-1.4284302352707823,-0.06432643224911674,0.3473174524970699,1.212268988676382
38,G8,1404,308 nm,-20.4115750553453,-25.146116717964635,-7.578457928525204,-8.626628465317436,-0.3280059598119267,1.3915945269348213,2.0233772257658162,0.581299925017393,1.235756746611359,-1.0735274673649455
41,G10,1404,308 nm,7.3800811615110105,8.241893736187683,-2.69574785057853,-3.3443705119445912,-6.5725290552560365,-6.839300293644657,1.6307456795735353,-0.12125559168469228,-0.5395900765864257,2.0621301421495866
42,G10,1404,308 nm,11.907149902584118,-1.131822145126471,5.150991148523568,0.5964437169563293,-3.4563073770064365,-3.0033483703538484,2.7949759593375765,-0.5512093898408127,0.7378127965074013,1.9124345723029261
43,G11,1404,308 nm,-9.73012648025963,13.886256283691955,-1.0920557912397229,-3.5169779170262054,2.6265803246010453,-0.05969736026350129,-4.114389656128918,2.12164202533689,0.5580228653594927,-0.8061754336114901
44,G11,1404,308 nm,-7.336680851765225,8.976448707241198,4.5479082049194535,-3.2540501819518735,-2.9001998387288777,-2.8381711718116978,-0.15917448941050022,1.2522751800609082,-2.2860400782384027,-0.509508785536707
1,G1,1394,440 nm,-24.238122996801003,-8.310508560910273,0.8476760672261174,-4.352149159315474,-0.41795829329290873,-0.929457396403454,-0.03165898043841184,-1.0117144992630345,0.2596681985823761,-0.14241723196695924
4,G2,1394,440 nm,4.588889370062052,-0.6406297924157294,0.8649587385749244,1.2028261420895687,-1.0379552405170942,0.4787225071966781,3.273570529345174,0.06964364549309793,0.5160115526823363,-0.3842706558581743
9,G3,1394,440 nm,13.409911702988879,1.3913405225612692,2.509591371706565,-2.504865949728049,-0.6218954115242713,-1.528573557520173,-0.2941263022408027,1.3832627322277034,-1.0991901783972473,0.2479484458099159
10,G3,1394,440 nm,13.998716903593438,-1.938369086262442,-0.9457588196895759,-2.6870958902540965,-0.3964384847560363,-0.0987584380892762,0.9071549976962706,-0.00361278916926826,-0.11449175200018652,1.1379826308670722
13,G4,1394,440 nm,5.459205334711686,2.220899875495044,-2.483734447623393,-2.9306939339001428,0.935610231178217,3.5595358940641875,-0.9789565019468707,-0.5525274349499423,-0.5270497643225339,-0.3403736917187314
20,G5,1394,440 nm,3.23918523069786,4.2080408737011625,-6.567438767342501,0.3124015238303056,-0.3464671809463219,-2.3594019266177626,-0.8178199032427652,-0.4671777124984017,0.3510567948686186,-0.07595331305949905
24,G6,1394,440 nm,17.776814436040514,-10.946789078498618,1.0277184213175765,2.5853474675859998,-1.0396041712718374,0.23642860399575913,-1.9179152102275507,-0.10064386220528063,0.7083692787026615,-0.31467340221302936
26,G6,1394,440 nm,-13.920676415796805,-5.9127922734265175,-3.667657316593088,2.148860497562702,1.3009134850548023,0.6531948795401471,0.5872802840741015,2.163176763450398,-0.4315732222660357,0.24400144961480214
27,G6,1394,440 nm,-3.339654758175206,1.8157545710527296,3.0076188114486895,1.6592723152590094,3.6728396200196705,-0.12582841891985394,-0.5849132191753909,-0.1681884734900876,0.561882866589732,0.8549908391062166
28,G6,1394,440 nm,2.472986045698307,-0.9756171161909131,-1.0025833616188642,2.834199495774515,0.33974947489009805,-0.16851512371175942,1.0651231528222873,-2.218894524662395,-1.2281809329649103,0.020910300092175482
34,G7,1394,440 nm,-5.54834486924454,4.429194197382411,1.9481693433284166,0.8427280618542596,0.3459388988899158,-0.6120374747920946,-0.5585388517163847,-0.883489112977558,0.11547475257577738,-0.027850834831793077
36,G7,1394,440 nm,-0.0992440108820981,3.928234799615362,-0.7279089701300824,-0.5746620231723604,1.014551177444553,-0.6717580644743762,-0.0007342519815992312,0.9861092728507906,0.47138375347690176,-1.0081960183925947
37,G8,1394,440 nm,6.007480186024075,1.766188239959203,2.8090228534021606,-1.0693476091704508,1.147956196021944,-0.07368286110556294,0.5376897815412963,0.15216510567442523,0.2740886695368328,-0.7632512577538244
39,G9,1394,440 nm,-13.360603046429613,3.3057183395677106,2.400932591349504,2.162903753975529,-2.3294650911177692,0.3173872856870191,-1.0349498649256235,0.5060668426267843,-1.197869626913588,-0.12124062023679696
40,G9,1394,440 nm,-6.446543112487529,5.6593344883696215,-0.020606515356447547,0.370275307608703,-2.5677752100729623,1.3227440911505262,-0.15120565958371876,0.14582404689276582,1.3404196098492642,0.6723933605412152
3,G1,1404,440 nm,-31.111563608061182,-10.633010526568507,-6.993214410908051,-6.328745655888184,-3.7013473498639256,1.066060521576172,0.14569871787626731,-0.8038652732521321,0.17781461749723154,-1.3744311650064565
5,G2,1404,440 nm,-0.09692429476958905,9.97525296314316,3.378964102038282,-0.010409675446070223,1.662920666209141,1.2419711586102444,3.3539025710235264,-0.5064554750831025,-0.34841642079245966,-0.22498457037544095
6,G2,1404,440 nm,9.414233091683519,8.19735018246581,5.351998589863015,0.28731941135023326,-4.760841581233582,-1.295059770639476,-0.1818838617815474,-0.41800038635334985,-0.989978568364134,-0.1029882464394322
7,G2,1404,440 nm,8.750706421243308,8.715048090638861,5.468820000154075,1.4901950594001236,-4.927017226805979,-1.6703605983271097,-1.4810112035625427,-2.24214381901318,-2.164699627776746,-0.25016348143704853
8,G2,1404,440 nm,1.97547866046242,11.308455172865322,4.271120306929854,1.8851675941739099,0.8944402053135472,2.7020148178914147,-1.7295686802321921,1.2854777125431462,-1.8642327803942718,-0.6778290808175134
11,G3,1404,440 nm,-13.336937303951384,11.47569004598907,0.6302204032610478,5.6785244026278425,1.6647129043744548,-2.63104786979072,0.9096429748301825,-0.1083139360257173,2.042254567008947,-0.19916480174806964
12,G3,1404,440 nm,22.86297605469796,-15.50828057685172,-8.247970478833825,-3.895193076332305,4.381969566901205,-5.047701264802824,1.9331615826269566,0.7410198142773325,-1.455974887114654,-1.4241756141719142
14,G4,1404,440 nm,-27.167523965106447,-0.35058848872429454,-7.5624140210553525,-1.2240498186059683,1.0890894615262325,0.5291571348555533,-2.307636095687155,0.7569951197702286,-0.32889612663589274,0.6981119873303061
15,G4,1404,440 nm,-30.539394988050738,-9.004918129796343,-6.940903989579972,-5.665346743282143,-3.3417992656022446,0.8377054852787994,0.3578630381924901,-0.47063474543528894,0.347716583098649,-1.3601272800098718
16,G4,1404,440 nm,-28.75743029712049,-2.595754385870404,-7.874507685973831,-3.1095788288793202,0.1342777309927787,-0.19889420274120648,1.5656235641469964,1.0840126040825964,-1.1562922132935665,2.655414351450946
17,G4,1404,440 nm,8.575926009284801,8.298429717443454,4.324366797368401,-1.4042165931158472,0.043887552573117786,2.5235162312022976,1.2440979088773139,1.6901250136946164,0.7985945230175541,-0.2230088872914335
18,G4,1404,440 nm,18.461509987904773,-11.18141147201227,-9.51432542183066,10.164523985900924,-0.877770496264167,4.2367889601170825,0.8588852705694117,-1.1849111619349395,0.9221535646105439,-0.4648328907154319
19,G4,1404,440 nm,-5.111334085161391,11.957486308957055,2.5718045301056396,4.2033514125249045,-0.679784610737421,-1.4734994607681688,-0.8132457691874859,1.6120018141422445,0.5757304525289861,-1.2111247257109699
21,G5,1404,440 nm,-18.801911745522162,-36.1628284681564,26.25484045668595,3.681273583996422,1.5117524997179526,-0.06492029457559713,-0.13566021519665056,0.10417163183749112,-0.01210516476857061,0.20011731258536034
22,G5,1404,440 nm,-20.024752063332386,7.752004977385145,-2.895248195671334,4.954642058464254,1.8989020621988828,-2.7380459098212095,-1.8742175391417935,-2.346445591140165,0.965764008282495,0.6565946707763096
23,G5,1404,440 nm,16.85199450521984,1.887283802425568,3.8291010433765655,-4.438829128842641,-3.777493466716754,-0.3573831140645389,1.0683748813519398,0.884191509921415,3.1502749611207737,0.4999825328829492
30,G6,1404,440 nm,15.469789911935262,-1.1415809078336754,-0.49924459244086516,-5.405858136194692,3.6687291208723374,1.9111674001337677,-1.8878754761762895,-1.813275728275397,0.5904873885137822,0.32791178975609186
31,G6,1404,440 nm,-15.023811256091024,10.791980472033288,-0.3859199975622082,4.447664202114831,3.5655179130603996,-0.02346922716425201,-1.6949128338783612,2.6140857378255062,0.37835915192626174,-0.6246464134605667
32,G6,1404,440 nm,20.131895350129867,-5.043718577476094,-2.4016042174841594,-3.8736029626665838,3.2770490023557644,-0.29759275058758644,-1.6880770521674118,-2.9759312696124853,1.447147402003195,0.1991678847058565
33,G6,1404,440 nm,19.75015135717469,-4.736270174637655,-1.7401963199827977,-6.261925881610293,3.292275468973902,1.106815332680555,-1.2289275543689815,2.2714171864719357,-0.36635534321325774,0.12090780939978789
38,G8,1404,440 nm,20.129127160249187,-18.532909665643682,-12.871651894579928,11.148713577147777,-2.9608246406099648,-0.5384974746631951,-0.11293114346374827,1.1011368166093294,-0.6719929012794799,0.7850766398714596
41,G10,1404,440 nm,-7.47047798757184,10.482482561157475,2.485155093682016,1.4773067107903939,1.9490480856596368,0.12008662963992425,3.703620753051711,-1.1304643836648955,-0.20557759692374222,0.36168109987908875
42,G10,1404,440 nm,2.8416742284982113,8.782341579530238,2.7404834901333905,-0.5193460536889152,2.099839119583507,1.7035806373349032,0.9806206837940058,-1.8398896773045124,-2.066008855855058,0.16181922395062134
43,G11,1404,440 nm,16.74641752220386,1.9256292039332836,3.2074121655147994,-4.138131657387193,-3.474695068758513,-1.2406517217606492,-0.17384607221496476,1.083711038032506,0.30077907861057174,0.8036165720910338
44,G11,1404,440 nm,15.480181334050938,3.3418362956033043,3.412914246789928,-3.143447786551457,-2.632837653720276,-0.401740649614183,-0.8116984492816635,0.6119854478867938,-0.06654581180715635,0.6670752825043224
1,G1,1394,Combined,27.930492989361483,-3.416908595444366,-15.859826679987505,-3.44183757172147,7.622999467016561,-9.868250577930873,-0.6278502861344375,-17.058964969408425,3.4703299223165405,-6.425235488181149
4,G2,1394,Combined,-10.439007445764306,12.969768944929408,-15.688421080715125,-9.286785253312571,2.559625397470438,16.188211111494,0.8867669607386159,1.5540195923596247,-5.437399425986477,2.6393136729033033
9,G3,1394,Combined,-30.27921476178262,7.799542379215142,4.435977724305839,17.874288241645086,-8.346044779671653,8.403693923545736,-1.1411633276386424,-7.835956537369901,12.919832145049448,-3.0673785476306827
10,G3,1394,Combined,-25.736668703478742,20.30186972521123,-6.822737119032832,2.2280365856244484,-7.4647980397022335,2.905586824662111,4.159616808727338,-1.1188728231506047,-1.590799976639414,0.7376880524243056
13,G4,1394,Combined,-4.531067188325206,16.549413871964717,-13.628062610491334,-8.952336995324396,-2.278507005927472,-8.277419738204495,10.975824122102459,-6.31575139121276,-3.7649891807473996,10.318995453847819
20,G5,1394,Combined,-1.8658755855303717,7.59855256874684,-6.1554255381586955,31.190150939555288,4.010652151162898,-12.037167044760961,0.20541957219079432,6.964921083946879,-9.243540349244155,-2.33692106233088
24,G6,1394,Combined,-35.50393811485974,3.554680845370855,12.366585416264092,-21.00483524239989,-3.8910276923842044,-10.375197018896529,-4.311748534104409,3.4943896975828825,-3.722022484088396,-11.551223908195837
26,G6,1394,Combined,13.734396474337528,-40.07378598420317,-19.132031881155996,-1.371378186075018,-27.64319552908776,-0.5154339295287484,1.1295022516869546,6.2265315587836465,1.4809023764166558,-0.43458219219074523
27,G6,1394,Combined,-11.841386972279082,-34.47693422494254,10.115911934058749,-0.33087453290967317,20.093200556327375,2.0181741510921256,18.92039646128086,3.9543400094670327,3.5075528507333473,-0.7560212856555193
28,G6,1394,Combined,-20.787102093884737,-30.303142629473733,10.34472561101604,0.7689133047956717,6.983185685267692,-2.3938084868196334,-17.499618766345677,-5.603940447763204,-3.0034807130854415,10.811134276419319
34,G7,1394,Combined,13.580517276797723,0.6178801430707602,-20.670832036424184,-1.7953607183156417,13.687971692930667,10.60189072440709,-8.288997668204372,5.098364830298048,-1.3817706407678676,-4.663798175861639
36,G7,1394,Combined,17.361229168978895,12.084132226001758,-0.9147576051980665,-2.649985786886754,8.902974734751043,-1.3847120163713498,-7.140845382623859,7.7068887199844625,7.61107670980602,0.36924784833320495
37,G8,1394,Combined,16.00652196622642,19.71614351113357,11.293763264831465,-5.49358865315164,-2.427355808298173,-8.2637122281712,-0.45464300791676787,9.384856415682584,9.892736700569554,6.581706166634085
39,G9,1394,Combined,27.653703904001556,2.840648720919097,25.035299315746727,0.9709812474880246,-6.455881506480338,6.0608529761102545,2.086726982688548,-4.74235595819294,-5.931000365075997,-2.1555071249933473
40,G9,1394,Combined,24.717399086201258,4.23813849750045,25.279831284940826,1.2946126209885038,-5.353799323374849,6.937291329372462,1.1006138135525496,-1.7084697810072698,-4.8074275692564035,-0.06741768552226338
3,G1,1404,Combined,44.672494936748336,-13.898066048193673,-11.088459916301439,-0.17924076557096055,15.158429950895476,2.296738683991258,-3.9981205235178416,3.4172071922179286,2.0522936058660104,0.45807541570725535
5,G2,1404,Combined,1.6200558888796635,19.184354294308797,5.061394824052397,2.9851877469640775,5.875406963888668,-5.128177451577569,-0.6903193969336126,0.042188717369063565,-1.7021538566293561,-2.8741438480466925
6,G2,1404,Combined,-21.560479429633656,10.137900512447148,1.72368288102729,-3.959804750195118,6.060386085656976,0.8918231100875095,11.49912721307096,2.8370552427418847,9.152843730663266,-4.0362376635817325
7,G2,1404,Combined,-6.5995704034342575,17.80689018082366,9.929934048127283,10.058879054838664,0.3345832985882675,-2.722275898285582,-5.28907910869261,1.6631709066371734,-6.191686996857487,6.052066084560644
8,G2,1404,Combined,-6.183781490623071,14.108849929925533,8.144313109202207,15.837340372260083,-6.841931589143087,8.370806022061569,4.852346915444506,7.599427852288407,-0.7459982804224687,-6.018248500357838
11,G3,1404,Combined,18.436363541510573,13.539308580683526,-3.731201994357899,-7.998887640966032,-9.033052648145233,-6.670068092002106,5.5543017109412895,-1.5867186628103997,-0.37071042183783365,1.442123277720555
12,G3,1404,Combined,-38.091696358691316,-25.675902905566865,-13.760087132218395,-16.336880918695247,10.633089452540277,1.3645295983129972,6.097883693767167,-8.049394944336306,-10.762261173402045,-1.9098415445402936
14,G4,1404,Combined,41.5112883034583,-6.064151471217916,-11.00140327985566,4.693701774798821,-2.163414098842098,7.453966691542885,-1.1571148788876933,-2.6077229043430914,-0.3226080026805499,-0.7593917739678591
15,G4,1404,Combined,43.126030211321925,-10.526739760354236,-10.598754681253311,-0.024735542499105534,12.748621967574008,3.1510086765550733,-1.7161191399053053,3.246925593259108,2.356137608410554,1.9203853419782833
16,G4,1404,Combined,41.40629444129801,-5.321586370955577,-12.691739637796115,-0.38542993767259703,8.939034429752972,1.079490403667939,0.2352233588813356,2.4762062772483677,-0.7400889236598597,-1.7609863158043737
17,G4,1404,Combined,-11.522758053586836,2.8101889482620597,-1.7636068645735172,-29.20436960494927,-11.446033239591246,-8.747540826816804,-6.001500800797987,10.41015650908911,-0.6270201702014352,-5.031310153912577
18,G4,1404,Combined,-24.696043655297654,-21.183106596176113,-11.34088575061149,22.267722237492944,-8.141586528040678,-11.193315397670494,-4.667276207049915,2.1015666772576407,-1.7179434384884302,-4.260748892976541
19,G4,1404,Combined,14.759062666381713,12.441319423320094,-4.411322227155441,-11.40305489900437,-8.892613373139383,-8.916483431079163,-1.5064058823668118,-12.161971395783446,8.054640482413586,0.3343577812268985
21,G5,1404,Combined,27.60720247517781,-45.01342634990367,47.832922467016374,-3.342147748249923,-1.4926804939512754,-4.046288913202582,2.211749312986286,-1.0675323378798036,0.3194528410858323,-0.12107097763601612
22,G5,1404,Combined,22.190817962400956,6.165751556038381,-2.782683067828693,0.16403767387228976,-17.895015088397415,5.556649840409694,6.8003951295563825,2.627955153473833,-4.7261834994464635,6.389877847487704
23,G5,1404,Combined,-24.401680220236425,10.77888419189167,2.930255441005962,-0.021619816372545012,19.03487456955326,-6.522785940894845,3.6821066917686305,1.7052044091020748,0.4018482769470532,3.9444420969260547
30,G6,1404,Combined,-21.497085302567914,-1.0855540392724385,4.16469287549101,-1.2131862355467005,-5.9995217221828705,16.389846503286805,-7.186337150539894,-3.684661988794573,2.3599433342347136,-0.36789455568900786
31,G6,1404,Combined,19.829975580119083,10.22480553705332,-2.2494291826389543,-4.645837096343114,-17.34674986153217,2.129366571343928,2.915687854549482,-0.35437837127932575,-2.5283238770956515,3.459911931809615
32,G6,1404,Combined,-34.510142118458084,-6.679744112602298,-0.39800820997013375,5.214113857041039,1.392734070698154,13.721092057469008,4.922723826231075,-1.7559201759885745,3.0506961998827333,1.6938279029782892
33,G6,1404,Combined,-30.89412465770861,-7.268234172179075,-0.7229487135731507,-13.671158509911356,-2.0213812592095444,11.121268982685981,-6.957407266571471,2.4191177209736416,0.6186731959777511,-1.5235305158088501
38,G8,1404,Combined,-29.54606529829589,-31.740766853038856,-16.99350321385146,14.465297855693683,-11.331729207908959,-10.177410378667744,1.3766055937025727,0.573904307453319,4.635187469211,3.696584882213925
41,G10,1404,Combined,12.096644688381794,18.226910535312605,3.7867390352605246,6.833601642216544,7.084870958549053,-5.330191349620426,3.216964311171922,-2.8800655022200194,-4.255726582037556,-6.836805518519719
42,G10,1404,Combined,4.872191488084732,15.161973989151116,6.662267186164257,10.263959842161489,-1.441360510722635,1.0215927778448295,-6.802683483897382,-8.97571972118716,-0.47153366613907,-4.834611022296498
43,G11,1404,Combined,-22.91078354680598,11.48439725632361,5.809480719771916,-3.0628792855449225,11.118888428062146,-4.024004796418161,-3.888245469682115,1.2967441113208122,0.5738492041766365,6.906290102422507
44,G11,1404,Combined,-19.71421164842315,12.385743743919162,7.488351284866413,2.665390694181634,5.666149445047334,-1.0696374430240272,-3.5045063032289696,0.7072553341902776,1.5866729400290989,4.036878618106265
